"uri","type","dc.id","collection","notation","prefLabel","altLabel","broader","broaderTransitive","broadMatch","changeNote","closeMatch","definition","editorialNote","exactMatch","example","hiddenLabel","historyNote","inScheme","mappingRelation","note","related","relatedMatch","scopeNote","semanticRelation","topConceptOf","type_status","layer","typevoorschrift","typevoorschriften.uitdovend"
"colt:voorschrift_categorie","skos:Collection","voorschrift_categorie",,,"Voorschrift categorie",,,,,,,,,,,,,,,,,,,,,,,,
"colt:voorschrift_subcategorie","skos:Collection","voorschrift_subcategorie",,,"Voorschrift subcategorie",,,,,,,,,,,,,,,,,,,,,,,,
"cs:plan_legende","skos:ConceptScheme","plan_legende",,,"Legendecodes",,,,,,,,,,,,,,,,,,,,,,,,
"ct:00","skos:Concept",,"colt:voorschrift_categorie","00","afbakeningen in overdruk, geen onderliggende bestemming",,,,,,,,,,,,,"cs:plan_legende",,,,,,,"cs:plan_legende",,,,
"ct:000","skos:Concept",,"colt:voorschrift_subcategorie","000","onzichtbare afbakeningslijn",,"ct:00",,,,,,,,,,,,,,,,,,,,,,
"ct:00000_00","skos:Concept",,,"00000_00","onzichtbare afbakeningslijn (voor identificeerbaarheid)",,"ct:000",,,,,,,,,,,"cs:plan_legende",,,,,,,,,"ov","ONWAAR","ONWAAR"
"ct:00000_01","skos:Concept",,,"00000_01","onzichtbare afbakeningslijn (voor identificeerbaarheid)",,"ct:000",,,,,,,,,,,"cs:plan_legende",,,,,,,,,"ln","ONWAAR","ONWAAR"
"ct:001","skos:Concept",,"colt:voorschrift_subcategorie","001","stedelijke gebieden",,"ct:00",,,,,,,,,,,,,,,,,,,,,,
"ct:00100_00","skos:Concept",,,"00100_00","wijziging afbakeningslijnen",,"ct:001",,,,,,,,,,,"cs:plan_legende",,,,,,,,,,"ONWAAR","ONWAAR"
"ct:00101_00","skos:Concept",,,"00101_00","grenslijn Vlaams stedelijk gebied rond Brussel",,"ct:001",,,,,,,,,,,"cs:plan_legende",,,,,,,,"/","ov","ONWAAR","ONWAAR"
"ct:00102_00","skos:Concept",,,"00102_00","opheffing afbakening stedelijk gebied",,"ct:001",,,,,,,,,,,"cs:plan_legende",,,,,,,,,"ov","ONWAAR","ONWAAR"
"ct:00103_00","skos:Concept",,,"00103_00","grenslijn grootstedelijk gebied",,"ct:001",,,,,,,,,,,"cs:plan_legende",,,,,,,,"/","ov","WAAR","ONWAAR"
"ct:00103_01","skos:Concept",,,"00103_01","grenslijn grootstedelijk gebied",,"ct:001",,,,,,,,,,,"cs:plan_legende",,,,,,,,"/","ov","WAAR","ONWAAR"
"ct:00105_00","skos:Concept",,,"00105_00","grenslijn regionaalstedelijk gebied",,"ct:001",,,,,,,,,,,"cs:plan_legende",,,,,,,,"d","ov","WAAR","ONWAAR"
"ct:00105_01","skos:Concept",,,"00105_01","grenslijn regionaalstedelijk gebied",,"ct:001",,,,,,,,,,,"cs:plan_legende",,,,,,,,"d","ov","WAAR","ONWAAR"
"ct:00106_00","skos:Concept",,,"00106_00","inkrimping afbakeningslijn",,"ct:001",,,,,,,,,,,"cs:plan_legende",,,,,,,,,"ov","ONWAAR","ONWAAR"
"ct:002","skos:Concept",,"colt:voorschrift_subcategorie","002","afbakening zeehavens, luchthaven van Zaventem en logistieke parken",,"ct:00",,,,,,,,,,,,,,,,,,,,,,
"ct:00201_00","skos:Concept",,,"00201_00","grenslijn zeehavengebied",,"ct:002",,,,,,,,,,,"cs:plan_legende",,,,,,,,"d","ov","WAAR","ONWAAR"
"ct:00201_01","skos:Concept",,,"00201_01","grenslijn zeehavengebied",,"ct:002",,,,,,,,,,,"cs:plan_legende",,,,,,,,"d","ov","WAAR","ONWAAR"
"ct:00201_02","skos:Concept",,,"00201_02","grenslijn zeehavengebied",,"ct:002",,,,,,,,,,,"cs:plan_legende",,,,,,,,"d","ov","WAAR","ONWAAR"
"ct:00202_00","skos:Concept",,,"00202_00","opheffing grenslijn zeehavengebied",,"ct:002",,,,,,,,,,,"cs:plan_legende",,,,,,,,,"ov","ONWAAR","ONWAAR"
"ct:00203_00","skos:Concept",,,"00203_00","grens luchthaven (niet poort)",,"ct:002",,,,,,,,,,,"cs:plan_legende",,,,,,,,,"ln","ONWAAR","ONWAAR"
"ct:003","skos:Concept",,"colt:voorschrift_subcategorie","003","gebieden van de natuurlijke structuur",,"ct:00",,,,,,,,,,,,,,,,,,,,,,
"ct:00301_00","skos:Concept",,,"00301_00","grote eenheid natuur",,"ct:003",,,,,,,,,,,"cs:plan_legende",,,,,,,,"d","ov","WAAR","ONWAAR"
"ct:00302_00","skos:Concept",,,"00302_00","grote eenheid natuur in ontwikkeling",,"ct:003",,,,,,,,,,,"cs:plan_legende",,,,,,,,"/","ov","WAAR","ONWAAR"
"ct:00303_00","skos:Concept",,,"00303_00","natuurverwevingsgebied",,"ct:003",,,,,,,,,,,"cs:plan_legende",,,,,,,,"d","ov","WAAR","ONWAAR"
"ct:00303_02","skos:Concept",,,"00303_02","natuurverwevingsgebied",,"ct:003",,,,,,,,,,,"cs:plan_legende",,,,,,,,"d","ov","WAAR","ONWAAR"
"ct:00304_00","skos:Concept",,,"00304_00","natuurverbindingsgebied",,"ct:003",,,,,,,,,,,"cs:plan_legende",,,,,,,,"L","ov","ONWAAR","ONWAAR"
"ct:004","skos:Concept",,"colt:voorschrift_subcategorie","004","elementen en componenten van de landschappelijke structuur",,"ct:00",,,,,,,,,,,,,,,,,,,,,,
"ct:00401_00","skos:Concept",,,"00401_00","erfgoedlandschap",,"ct:004",,,,,,,,,,,"cs:plan_legende",,,,,,,,,"ov","ONWAAR","ONWAAR"
"ct:00402_00","skos:Concept",,,"00402_00","site met belangrijke erfgoedwaarde",,"ct:004",,,,,,,,,,,"cs:plan_legende",,,,,,,,,"ov","ONWAAR","ONWAAR"
"ct:00402_01","skos:Concept",,,"00402_01","site met belangrijke erfgoedwaarde",,"ct:004",,,,,,,,,,,"cs:plan_legende",,,,,,,,,"ov","ONWAAR","ONWAAR"
"ct:00403_00","skos:Concept",,,"00403_00","karakteristieke landschapselementen van gemeentelijk niveau (landschappelijk waardevol gebied)",,"ct:004",,,,,,,,,,,"cs:plan_legende",,,,,,,,"d","detail","ONWAAR","ONWAAR"
"ct:006","skos:Concept",,"colt:voorschrift_subcategorie","006","projectgebieden",,"ct:00",,,,,,,,,,,,,,,,,,,,,,
"ct:00601_00","skos:Concept",,,"00601_00","projectgebied (in overdruk)",,"ct:006",,,,,,,,,,,"cs:plan_legende",,,,,,,,"d","ov","ONWAAR","ONWAAR"
"ct:00603_00","skos:Concept",,,"00603_00","groenpool",,"ct:006",,,,,,,,,,,"cs:plan_legende",,,,,,,,"L","ov","ONWAAR","ONWAAR"
"ct:01","skos:Concept",,"colt:voorschrift_categorie","01","woongebieden",,,,,,,,,,,,,"cs:plan_legende",,,,,,,"cs:plan_legende",,,,
"ct:011","skos:Concept",,"colt:voorschrift_subcategorie","011","woongebieden (in gewestelijke rups)",,"ct:01",,,,,,,,,,,,,,,,,,,,,,
"ct:01101_00","skos:Concept",,,"01101_00","woongebied",,"ct:011",,,,,,,,,,,"cs:plan_legende",,,,,,,,"d","gv","WAAR","ONWAAR"
"ct:01101_02","skos:Concept",,,"01101_02","woongebied",,"ct:011",,,,,,,,,,,"cs:plan_legende",,,,,,,,"d","gv","WAAR","ONWAAR"
"ct:01101_03","skos:Concept",,,"01101_03","woongebied",,"ct:011",,,,,,,,,,,"cs:plan_legende",,,,,,,,"d","gv","WAAR","ONWAAR"
"ct:01101_05","skos:Concept",,,"01101_05","woongebied",,"ct:011",,,,,,,,,,,"cs:plan_legende",,,,,,,,"d","gv","WAAR","ONWAAR"
"ct:01101_06","skos:Concept",,,"01101_06","woongebied",,"ct:011",,,,,,,,,,,"cs:plan_legende",,,,,,,,"d","detail","WAAR","ONWAAR"
"ct:01102_00","skos:Concept",,,"01102_00","stationsomgeving",,"ct:011",,,,,,,,,,,"cs:plan_legende",,,,,,,,"d","gv","WAAR","ONWAAR"
"ct:01102_01","skos:Concept",,,"01102_01","stationsomgeving",,"ct:011",,,,,,,,,,,"cs:plan_legende",,,,,,,,"d","gv","WAAR","ONWAAR"
"ct:01103_00","skos:Concept",,,"01103_00","gebied voor gemengde stedelijke aktiviteiten",,"ct:011",,,,,,,,,,,"cs:plan_legende",,,,,,,,"d","gv","WAAR","ONWAAR"
"ct:01103_01","skos:Concept",,,"01103_01","gebied voor gemengde stedelijke aktiviteiten",,"ct:011",,,,,,,,,,,"cs:plan_legende",,,,,,,,"d","gv","WAAR","ONWAAR"
"ct:01104_00","skos:Concept",,,"01104_00","cultuurhistorisch woongebied",,"ct:011",,,,,,,,,,,"cs:plan_legende",,,,,,,,"d","gv","ONWAAR","ONWAAR"
"ct:01105_xx","skos:Concept",,,"01105_xx","terrein voor doortrekkers",,"ct:011",,,,,,,,,,,"cs:plan_legende",,,,,,,,,,"ONWAAR","ONWAAR"
"ct:01106_00","skos:Concept",,,"01106_00","reservegebied voor wonen",,"ct:011",,,,,,,,,,,"cs:plan_legende",,,,,,,,"d","gv","ONWAAR","ONWAAR"
"ct:01106_01","skos:Concept",,,"01106_01","reservegebied voor wonen",,"ct:011",,,,,,,,,,,"cs:plan_legende",,,,,,,,"d","gv","ONWAAR","ONWAAR"
"ct:01107_00","skos:Concept",,,"01107_00","strategisch woonproject",,"ct:011",,,,,,,,,,,"cs:plan_legende",,,,,,,,"d","gv","ONWAAR","ONWAAR"
"ct:01108_00","skos:Concept",,,"01108_00","gebied voor wonen en landbouw",,"ct:011",,,,,,,,,,,"cs:plan_legende",,,,,,,,"d","gv","ONWAAR","WAAR"
"ct:01108_01","skos:Concept",,,"01108_01","gebied voor wonen en landbouw",,"ct:011",,,,,,,,,,,"cs:plan_legende",,,,,,,,"d","gv","ONWAAR","WAAR"
"ct:01108_02","skos:Concept",,,"01108_02","gebied voor wonen en landbouw",,"ct:011",,,,,,,,,,,"cs:plan_legende",,,,,,,,"d","gv","ONWAAR","WAAR"
"ct:01109_00","skos:Concept",,,"01109_00","Landelijk woongebied met culturele, historische en/of esthetische waarde",,"ct:011",,,,,,,,,,,"cs:plan_legende",,,,,,,,,"gv","ONWAAR","ONWAAR"
"ct:01109_01","skos:Concept",,,"01109_01","Landelijk woongebied met culturele, historische en/of esthetische waarde",,"ct:011",,,,,,,,,,,"cs:plan_legende",,,,,,,,,"gv","ONWAAR","ONWAAR"
"ct:01110_01","skos:Concept",,,"01110_01","randstedelijk wonen",,"ct:011",,,,,,,,,,,"cs:plan_legende",,,,,,,,"L","ov","ONWAAR","ONWAAR"
"ct:01110_02","skos:Concept",,,"01110_02","randstedelijk wonen",,"ct:011",,,,,,,,,,,"cs:plan_legende",,,,,,,,"L","gv","ONWAAR","ONWAAR"
"ct:01111_xx","skos:Concept",,,"01111_xx","bestaande woningen",,"ct:011",,,,,,,,,,,"cs:plan_legende",,,,,,,,"/",,"ONWAAR","ONWAAR"
"ct:01112_00","skos:Concept",,,"01112_00","stationsplein",,"ct:011",,,,,,,,,,,"cs:plan_legende",,,,,,,,,"ov","ONWAAR","ONWAAR"
"ct:01113_00","skos:Concept",,,"01113_00","woonwagenpark",,"ct:011",,,,,,,,,,,"cs:plan_legende",,,,,,,,,"gv","ONWAAR","ONWAAR"
"ct:01114_00","skos:Concept",,,"01114_00","bouwvrij wonen",,"ct:011",,,,,,,,,,,"cs:plan_legende",,,,,,,,,"detail","ONWAAR","ONWAAR"
"ct:01115_00","skos:Concept",,,"01115_00","gemengde aktiviteiten",,"ct:011",,,,,,,,,,,"cs:plan_legende",,,,,,,,,"gv","ONWAAR","ONWAAR"
"ct:01116_xx","skos:Concept",,,"01116_xx","zone voor wonen en park",,"ct:011",,,,,,,,,,,"cs:plan_legende",,,,,,,,,,"ONWAAR","ONWAAR"
"ct:01117_00","skos:Concept",,,"01117_00","sociaal objectief",,"ct:011",,,,,,,,,,,"cs:plan_legende",,,,,,,,,"ov","ONWAAR","ONWAAR"
"ct:02","skos:Concept",,"colt:voorschrift_categorie","02","recreatiegebieden",,,,,,,,,,,,,"cs:plan_legende",,,,,,,"cs:plan_legende",,,,
"ct:021","skos:Concept",,"colt:voorschrift_subcategorie","021","recreatiegebieden (in gewestelijke rups)",,"ct:02",,,,,,,,,,,,,,,,,,,,,,
"ct:02101_00","skos:Concept",,,"02101_00","randstedelijk groengebied met dagrecreatieve infrastructuur",,"ct:021",,,,,,,,,,,"cs:plan_legende",,,,,,,,"d","gv","ONWAAR","ONWAAR"
"ct:02101_01","skos:Concept",,,"02101_01","randstedelijk groengebied met dagrecreatieve infrastructuur",,"ct:021",,,,,,,,,,,"cs:plan_legende",,,,,,,,"d","gv","ONWAAR","ONWAAR"
"ct:02102_00","skos:Concept",,,"02102_00","recreatiegebied",,"ct:021",,,,,,,,,,,"cs:plan_legende",,,,,,,,"L","gv","WAAR","ONWAAR"
"ct:02102_01","skos:Concept",,,"02102_01","recreatiegebied",,"ct:021",,,,,,,,,,,"cs:plan_legende",,,,,,,,"L","gv","WAAR","ONWAAR"
"ct:02102_02","skos:Concept",,,"02102_02","recreatiegebied",,"ct:021",,,,,,,,,,,"cs:plan_legende",,,,,,,,"L","detail","WAAR","ONWAAR"
"ct:02102_03","skos:Concept",,,"02102_03","recreatiegebied",,"ct:021",,,,,,,,,,,"cs:plan_legende",,,,,,,,"L","detail","WAAR","ONWAAR"
"ct:02103_00","skos:Concept",,,"02103_00","gebied voor dagrecreatie",,"ct:021",,,,,,,,,,,"cs:plan_legende",,,,,,,,"d","gv","ONWAAR","ONWAAR"
"ct:02103_01","skos:Concept",,,"02103_01","gebied voor dagrecreatie",,"ct:021",,,,,,,,,,,"cs:plan_legende",,,,,,,,"d","gv","ONWAAR","ONWAAR"
"ct:02104_00","skos:Concept",,,"02104_00","gebied voor recreatie vliegen",,"ct:021",,,,,,,,,,,"cs:plan_legende",,,,,,,,,"gv","ONWAAR","ONWAAR"
"ct:02105_00","skos:Concept",,,"02105_00","gebied voor golfterrein",,"ct:021",,,,,,,,,,,"cs:plan_legende",,,,,,,,"L","gv","WAAR","ONWAAR"
"ct:02106_00","skos:Concept",,,"02106_00","watergebonden recreatie [131_1]",,"ct:021",,,,,,,,,,,"cs:plan_legende",,,,,,,,"d","gv","ONWAAR","ONWAAR"
"ct:02106_01","skos:Concept",,,"02106_01","watergebonden recreatie [131_1]",,"ct:021",,,,,,,,,,,"cs:plan_legende",,,,,,,,"d","detail","ONWAAR","ONWAAR"
"ct:02107_xx","skos:Concept",,,"02107_xx","gebied voor motocross",,"ct:021",,,,,,,,,,,"cs:plan_legende",,,,,,,,,,"ONWAAR","ONWAAR"
"ct:02108_00","skos:Concept",,,"02108_00","recreatieve bebouwing",,"ct:021",,,,,,,,,,,"cs:plan_legende",,,,,,,,,"detail","ONWAAR","ONWAAR"
"ct:02109_00","skos:Concept",,,"02109_00","verblijfsrecreatie in groepen",,"ct:021",,,,,,,,,,,"cs:plan_legende",,,,,,,,,"gv","ONWAAR","ONWAAR"
"ct:02110_00","skos:Concept",,,"02110_00","verblijfsrecreatie",,"ct:021",,,,,,,,,,,"cs:plan_legende",,,,,,,,,"gv","ONWAAR","ONWAAR"
"ct:02111_00","skos:Concept",,,"02111_00","recreatiebuffer",,"ct:021",,,,,,,,,,,"cs:plan_legende",,,,,,,,,"detail","ONWAAR","ONWAAR"
"ct:03","skos:Concept",,"colt:voorschrift_categorie","03","natuur- en reservaatgebieden",,,,,,,,,,,,,"cs:plan_legende",,,,,,,"cs:plan_legende",,,,
"ct:031","skos:Concept",,"colt:voorschrift_subcategorie","031","natuur- en reservaatgebieden (in gewestelijke rups)",,"ct:03",,,,,,,,,,,,,,,,,,,,,,
"ct:03102_00","skos:Concept",,,"03102_00","natuurgebied",,"ct:031",,,,,,,,,,,"cs:plan_legende",,,,,,,,"d","gv","WAAR","ONWAAR"
"ct:03102_01","skos:Concept",,,"03102_01","natuurgebied",,"ct:031",,,,,,,,,,,"cs:plan_legende",,,,,,,,"d","ov","WAAR","ONWAAR"
"ct:03102_02","skos:Concept",,,"03102_02","natuurgebied",,"ct:031",,,,,,,,,,,"cs:plan_legende",,,,,,,,"d","gv","WAAR","ONWAAR"
"ct:03102_03","skos:Concept",,,"03102_03","natuurgebied",,"ct:031",,,,,,,,,,,"cs:plan_legende",,,,,,,,"d","detail","WAAR","ONWAAR"
"ct:03102_04","skos:Concept",,,"03102_04","natuurgebied",,"ct:031",,,,,,,,,,,"cs:plan_legende",,,,,,,,"d","gv","WAAR","ONWAAR"
"ct:03103_00","skos:Concept",,,"03103_00","overstromings- en natuurgebied",,"ct:031",,,,,,,,,,,"cs:plan_legende",,,,,,,,"d","gv","ONWAAR","ONWAAR"
"ct:03103_01","skos:Concept",,,"03103_01","overstromings- en natuurgebied",,"ct:031",,,,,,,,,,,"cs:plan_legende",,,,,,,,"d","gv","ONWAAR","ONWAAR"
"ct:03103_02","skos:Concept",,,"03103_02","overstromings- en natuurgebied",,"ct:031",,,,,,,,,,,"cs:plan_legende",,,,,,,,"d","gv","ONWAAR","ONWAAR"
"ct:03103_05","skos:Concept",,,"03103_05","overstromings- en natuurgebied",,"ct:031",,,,,,,,,,,"cs:plan_legende",,,,,,,,"d","na","ONWAAR","ONWAAR"
"ct:03104_00","skos:Concept",,,"03104_00","ecologische infrastructuur",,"ct:031",,,,,,,,,,,"cs:plan_legende",,,,,,,,"d","gv","ONWAAR","ONWAAR"
"ct:03104_01","skos:Concept",,,"03104_01","ecologische infrastructuur",,"ct:031",,,,,,,,,,,"cs:plan_legende",,,,,,,,"d","gv","ONWAAR","ONWAAR"
"ct:03104_02","skos:Concept",,,"03104_02","ecologische infrastructuur",,"ct:031",,,,,,,,,,,"cs:plan_legende",,,,,,,,"d","gv","ONWAAR","ONWAAR"
"ct:04","skos:Concept",,"colt:voorschrift_categorie","04","overige groengebieden",,,,,,,,,,,,,"cs:plan_legende",,,,,,,"cs:plan_legende",,,,
"ct:041","skos:Concept",,"colt:voorschrift_subcategorie","041","groengebieden (in gewestelijke rups)",,"ct:04",,,,,,,,,,,,,,,,,,,,,,
"ct:04101_00","skos:Concept",,,"04101_00","randstedelijk groengebied",,"ct:041",,,,,,,,,,,"cs:plan_legende",,,,,,,,"d","gv","ONWAAR","ONWAAR"
"ct:04102_00","skos:Concept",,,"04102_00","gemengd openruimtegebied",,"ct:041",,,,,,,,,,,"cs:plan_legende",,,,,,,,"d","gv","WAAR","ONWAAR"
"ct:04102_01","skos:Concept",,,"04102_01","gemengd openruimtegebied",,"ct:041",,,,,,,,,,,"cs:plan_legende",,,,,,,,"d","gv","WAAR","ONWAAR"
"ct:04102_02","skos:Concept",,,"04102_02","gemengd openruimtegebied",,"ct:041",,,,,,,,,,,"cs:plan_legende",,,,,,,,"d","gv","WAAR","ONWAAR"
"ct:04102_03","skos:Concept",,,"04102_03","gemengd openruimtegebied",,"ct:041",,,,,,,,,,,"cs:plan_legende",,,,,,,,"d","gv","WAAR","ONWAAR"
"ct:04102_04","skos:Concept",,,"04102_04","gemengd openruimtegebied",,"ct:041",,,,,,,,,,,"cs:plan_legende",,,,,,,,"d","gv","WAAR","ONWAAR"
"ct:04105_00","skos:Concept",,,"04105_00","structurerend groengebied (deze code komt ook voor met legende donkerblauwe arcering = beekvallei)",,"ct:041",,,,,,,,,,,"cs:plan_legende",,,,,,,,"L","detail","ONWAAR","ONWAAR"
"ct:04105_01","skos:Concept",,,"04105_01","structurerend groengebied (deze code komt ook voor met legende donkerblauwe arcering = beekvallei)",,"ct:041",,,,,,,,,,,"cs:plan_legende",,,,,,,,"L","detail","ONWAAR","ONWAAR"
"ct:04105_02","skos:Concept",,,"04105_02","structurerend groengebied (deze code komt ook voor met legende donkerblauwe arcering = beekvallei)",,"ct:041",,,,,,,,,,,"cs:plan_legende",,,,,,,,"L","detail","ONWAAR","ONWAAR"
"ct:04105_03","skos:Concept",,,"04105_03","structurerend groengebied (deze code komt ook voor met legende donkerblauwe arcering = beekvallei)",,"ct:041",,,,,,,,,,,"cs:plan_legende",,,,,,,,"L","detail","ONWAAR","ONWAAR"
"ct:04106_00","skos:Concept",,,"04106_00","gemengd openruimte met cultuurhistorische waarde",,"ct:041",,,,,,,,,,,"cs:plan_legende",,,,,,,,,"gv","ONWAAR","ONWAAR"
"ct:04106_01","skos:Concept",,,"04106_01","gemengd openruimte met cultuurhistorische waarde",,"ct:041",,,,,,,,,,,"cs:plan_legende",,,,,,,,,"gv","ONWAAR","ONWAAR"
"ct:04107_00","skos:Concept",,,"04107_00","watergevoelig openruimtegebied",,"ct:041",,,,,,,,,,,"cs:plan_legende",,,,,,,,,"gv","ONWAAR","ONWAAR"
"ct:042","skos:Concept",,"colt:voorschrift_subcategorie","042","buffergebieden (in gewestelijke rups)",,"ct:04",,,,,,,,,,,,,,,,,,,,,,
"ct:04201_00","skos:Concept",,,"04201_00","bosbuffer",,"ct:042",,,,,,,,,,,"cs:plan_legende",,,,,,,,"d","detail","ONWAAR","ONWAAR"
"ct:04201_01","skos:Concept",,,"04201_01","bosbuffer",,"ct:042",,,,,,,,,,,"cs:plan_legende",,,,,,,,"d","detail","ONWAAR","ONWAAR"
"ct:04201_02","skos:Concept",,,"04201_02","bosbuffer",,"ct:042",,,,,,,,,,,"cs:plan_legende",,,,,,,,"d","detail","ONWAAR","ONWAAR"
"ct:04202_00","skos:Concept",,,"04202_00","buffer",,"ct:042",,,,,,,,,,,"cs:plan_legende",,,,,,,,"d","detail","WAAR","ONWAAR"
"ct:04202_01","skos:Concept",,,"04202_01","buffer",,"ct:042",,,,,,,,,,,"cs:plan_legende",,,,,,,,"d","detail","WAAR","ONWAAR"
"ct:04202_02","skos:Concept",,,"04202_02","buffer",,"ct:042",,,,,,,,,,,"cs:plan_legende",,,,,,,,"d","detail","WAAR","ONWAAR"
"ct:04202_03","skos:Concept",,,"04202_03","buffer",,"ct:042",,,,,,,,,,,"cs:plan_legende",,,,,,,,"d","detail","WAAR","ONWAAR"
"ct:04202_04","skos:Concept",,,"04202_04","buffer",,"ct:042",,,,,,,,,,,"cs:plan_legende",,,,,,,,"d","detail","WAAR","ONWAAR"
"ct:04203_00","skos:Concept",,,"04203_00","natuurbuffer",,"ct:042",,,,,,,,,,,"cs:plan_legende",,,,,,,,"d","detail","ONWAAR","ONWAAR"
"ct:04203_01","skos:Concept",,,"04203_01","natuurbuffer",,"ct:042",,,,,,,,,,,"cs:plan_legende",,,,,,,,"d","detail","ONWAAR","ONWAAR"
"ct:04203_02","skos:Concept",,,"04203_02","natuurbuffer",,"ct:042",,,,,,,,,,,"cs:plan_legende",,,,,,,,"d","gv","ONWAAR","ONWAAR"
"ct:04204_00","skos:Concept",,,"04204_00","gemengd buffergebied",,"ct:042",,,,,,,,,,,"cs:plan_legende",,,,,,,,"d","gv","ONWAAR","ONWAAR"
"ct:04205_00","skos:Concept",,,"04205_00","koppelingsgebied",,"ct:042",,,,,,,,,,,"cs:plan_legende",,,,,,,,"/","gv","ONWAAR","ONWAAR"
"ct:04205_01","skos:Concept",,,"04205_01","koppelingsgebied",,"ct:042",,,,,,,,,,,"cs:plan_legende",,,,,,,,"/","gv","ONWAAR","ONWAAR"
"ct:04207_00","skos:Concept",,,"04207_00","overige buffergebieden (vb dijk)",,"ct:042",,,,,,,,,,,"cs:plan_legende",,,,,,,,"/","gv","ONWAAR","ONWAAR"
"ct:04207_01","skos:Concept",,,"04207_01","overige buffergebieden (vb dijk)",,"ct:042",,,,,,,,,,,"cs:plan_legende",,,,,,,,"/","detail","ONWAAR","ONWAAR"
"ct:04208_00","skos:Concept",,,"04208_00","buffer overgangsgebieden",,"ct:042",,,,,,,,,,,"cs:plan_legende",,,,,,,,,"detail","ONWAAR","ONWAAR"
"ct:043","skos:Concept",,"colt:voorschrift_subcategorie","043","parkgebieden (in gewestelijke rups)",,"ct:04",,,,,,,,,,,,,,,,,,,,,,
"ct:04301_00","skos:Concept",,,"04301_00","park",,"ct:043",,,,,,,,,,,"cs:plan_legende",,,,,,,,"d","gv","WAAR","ONWAAR"
"ct:04301_01","skos:Concept",,,"04301_01","park",,"ct:043",,,,,,,,,,,"cs:plan_legende",,,,,,,,"d","gv","WAAR","ONWAAR"
"ct:04301_02","skos:Concept",,,"04301_02","park",,"ct:043",,,,,,,,,,,"cs:plan_legende",,,,,,,,"d","gv","WAAR","ONWAAR"
"ct:04301_03","skos:Concept",,,"04301_03","park",,"ct:043",,,,,,,,,,,"cs:plan_legende",,,,,,,,"d","gv","WAAR","ONWAAR"
"ct:04302_00","skos:Concept",,,"04302_00","zone voor park (natuureducatieve en laagdynamische recreatie) [131_1 ]",,"ct:043",,,,,,,,,,,"cs:plan_legende",,,,,,,,"L","gv","ONWAAR","ONWAAR"
"ct:04302_01","skos:Concept",,,"04302_01","zone voor park (natuureducatieve en laagdynamische recreatie) [131_1 ]",,"ct:043",,,,,,,,,,,"cs:plan_legende",,,,,,,,"L","gv","ONWAAR","ONWAAR"
"ct:05","skos:Concept",,"colt:voorschrift_categorie","05","bosgebieden",,,,,,,,,,,,,"cs:plan_legende",,,,,,,"cs:plan_legende",,,,
"ct:051","skos:Concept",,"colt:voorschrift_subcategorie","051","bosgebieden (in gewestelijke rups)",,"ct:05",,,,,,,,,,,,,,,,,,,,,,
"ct:05101_00","skos:Concept",,,"05101_00","bosgebied",,"ct:051",,,,,,,,,,,"cs:plan_legende",,,,,,,,"d","gv","WAAR","ONWAAR"
"ct:05101_01","skos:Concept",,,"05101_01","bosgebied",,"ct:051",,,,,,,,,,,"cs:plan_legende",,,,,,,,"d","na","WAAR","ONWAAR"
"ct:05101_04","skos:Concept",,,"05101_04","bosgebied",,"ct:051",,,,,,,,,,,"cs:plan_legende",,,,,,,,"d","detail","WAAR","ONWAAR"
"ct:05101_05","skos:Concept",,,"05101_05","bosgebied",,"ct:051",,,,,,,,,,,"cs:plan_legende",,,,,,,,"d","gv","WAAR","ONWAAR"
"ct:05101_06","skos:Concept",,,"05101_06","bosgebied",,"ct:051",,,,,,,,,,,"cs:plan_legende",,,,,,,,"d","gv","WAAR","ONWAAR"
"ct:05103_00","skos:Concept",,,"05103_00","nabestemming bosgebied [zie rup 10_1 turnhout, art. 16,2]",,"ct:051",,,,,,,,,,,"cs:plan_legende",,,,,,,,"d","na","ONWAAR","ONWAAR"
"ct:06","skos:Concept",,"colt:voorschrift_categorie","06","landbouwgebieden",,,,,,,,,,,,,"cs:plan_legende",,,,,,,"cs:plan_legende",,,,
"ct:061","skos:Concept",,"colt:voorschrift_subcategorie","061","landbouwgebieden",,"ct:06",,,,,,,,,,,,,,,,,,,,,,
"ct:06101_00","skos:Concept",,,"06101_00","agrarisch gebied",,"ct:061",,,,,,,,,,,"cs:plan_legende",,,,,,,,"d","gv","WAAR","ONWAAR"
"ct:06101_01","skos:Concept",,,"06101_01","agrarisch gebied",,"ct:061",,,,,,,,,,,"cs:plan_legende",,,,,,,,"d","gv","WAAR","ONWAAR"
"ct:06101_02","skos:Concept",,,"06101_02","agrarisch gebied",,"ct:061",,,,,,,,,,,"cs:plan_legende",,,,,,,,"d","detail","WAAR","ONWAAR"
"ct:06101_03","skos:Concept",,,"06101_03","agrarisch gebied",,"ct:061",,,,,,,,,,,"cs:plan_legende",,,,,,,,"d","gv","WAAR","ONWAAR"
"ct:06101_04","skos:Concept",,,"06101_04","agrarisch gebied",,"ct:061",,,,,,,,,,,"cs:plan_legende",,,,,,,,"d","gv","WAAR","ONWAAR"
"ct:06101_05","skos:Concept",,,"06101_05","agrarisch gebied",,"ct:061",,,,,,,,,,,"cs:plan_legende",,,,,,,,"d","gv","WAAR","ONWAAR"
"ct:06101_06","skos:Concept",,,"06101_06","agrarisch gebied",,"ct:061",,,,,,,,,,,"cs:plan_legende",,,,,,,,"d","gv","WAAR","ONWAAR"
"ct:06102_00","skos:Concept",,,"06102_00","bouwvrij agrarisch gebied",,"ct:061",,,,,,,,,,,"cs:plan_legende",,,,,,,,"d","gv","WAAR","ONWAAR"
"ct:06102_01","skos:Concept",,,"06102_01","bouwvrij agrarisch gebied",,"ct:061",,,,,,,,,,,"cs:plan_legende",,,,,,,,"d","gv","WAAR","ONWAAR"
"ct:06102_02","skos:Concept",,,"06102_02","bouwvrij agrarisch gebied",,"ct:061",,,,,,,,,,,"cs:plan_legende",,,,,,,,"d","gv","WAAR","ONWAAR"
"ct:06102_03","skos:Concept",,,"06102_03","bouwvrij agrarisch gebied",,"ct:061",,,,,,,,,,,"cs:plan_legende",,,,,,,,"d","gv","WAAR","ONWAAR"
"ct:06104_00","skos:Concept",,,"06104_00","agrarische bedrijvenzone",,"ct:061",,,,,,,,,,,"cs:plan_legende",,,,,,,,,"gv","WAAR","ONWAAR"
"ct:06105_00","skos:Concept",,,"06105_00","perimeter voor glastuinbouwbedrijven",,"ct:061",,,,,,,,,,,"cs:plan_legende",,,,,,,,,"detail","ONWAAR","ONWAAR"
"ct:06106_00","skos:Concept",,,"06106_00","agrarisch gebied met landschappelijke kenmerken",,"ct:061",,,,,,,,,,,"cs:plan_legende",,,,,,,,,"gv","ONWAAR","ONWAAR"
"ct:06107_00","skos:Concept",,,"06107_00","agrarisch gebied met ecologisch belang",,"ct:061",,,,,,,,,,,"cs:plan_legende",,,,,,,,,"gv","ONWAAR","ONWAAR"
"ct:07","skos:Concept",,"colt:voorschrift_categorie","07","industriegebieden",,,,,,,,,,,,,"cs:plan_legende",,,,,,,"cs:plan_legende",,,,
"ct:071","skos:Concept",,"colt:voorschrift_subcategorie","071","regionale bedrijventerreinen",,"ct:07",,,,,,,,,,,,,,,,,,,,,,
"ct:07101_00","skos:Concept",,,"07101_00","gemengd regionaal bedrijventerrein",,"ct:071",,,,,,,,,,,"cs:plan_legende",,,,,,,,"d","gv","WAAR","ONWAAR"
"ct:07101_01","skos:Concept",,,"07101_01","gemengd regionaal bedrijventerrein",,"ct:071",,,,,,,,,,,"cs:plan_legende",,,,,,,,"d","gv","WAAR","ONWAAR"
"ct:07101_02","skos:Concept",,,"07101_02","gemengd regionaal bedrijventerrein",,"ct:071",,,,,,,,,,,"cs:plan_legende",,,,,,,,"d","gv","WAAR","ONWAAR"
"ct:07101_03","skos:Concept",,,"07101_03","gemengd regionaal bedrijventerrein",,"ct:071",,,,,,,,,,,"cs:plan_legende",,,,,,,,"d","detail","WAAR","ONWAAR"
"ct:07101_04","skos:Concept",,,"07101_04","gemengd regionaal bedrijventerrein",,"ct:071",,,,,,,,,,,"cs:plan_legende",,,,,,,,"d","na","WAAR","ONWAAR"
"ct:07101_05","skos:Concept",,,"07101_05","gemengd regionaal bedrijventerrein",,"ct:071",,,,,,,,,,,"cs:plan_legende",,,,,,,,"d","gv","WAAR","ONWAAR"
"ct:07101_06","skos:Concept",,,"07101_06","gemengd regionaal bedrijventerrein",,"ct:071",,,,,,,,,,,"cs:plan_legende",,,,,,,,"d","gv","WAAR","ONWAAR"
"ct:07102_00","skos:Concept",,,"07102_00","specifiek regionaal bedrijventerrein voor transport, distributie en logistiek",,"ct:071",,,,,,,,,,,"cs:plan_legende",,,,,,,,"d","gv","WAAR","ONWAAR"
"ct:07102_01","skos:Concept",,,"07102_01","specifiek regionaal bedrijventerrein voor transport, distributie en logistiek",,"ct:071",,,,,,,,,,,"cs:plan_legende",,,,,,,,"d","gv","WAAR","ONWAAR"
"ct:07102_02","skos:Concept",,,"07102_02","specifiek regionaal bedrijventerrein voor transport, distributie en logistiek",,"ct:071",,,,,,,,,,,"cs:plan_legende",,,,,,,,"d","gv","WAAR","ONWAAR"
"ct:07103_00","skos:Concept",,,"07103_00","specifiek regionaal bedrijventerrein voor kantoren",,"ct:071",,,,,,,,,,,"cs:plan_legende",,,,,,,,"d","gv","WAAR","ONWAAR"
"ct:07103_01","skos:Concept",,,"07103_01","specifiek regionaal bedrijventerrein voor kantoren",,"ct:071",,,,,,,,,,,"cs:plan_legende",,,,,,,,"d","gv","WAAR","ONWAAR"
"ct:07103_02","skos:Concept",,,"07103_02","specifiek regionaal bedrijventerrein voor kantoren",,"ct:071",,,,,,,,,,,"cs:plan_legende",,,,,,,,"d","detail","WAAR","ONWAAR"
"ct:07103_03","skos:Concept",,,"07103_03","specifiek regionaal bedrijventerrein voor kantoren",,"ct:071",,,,,,,,,,,"cs:plan_legende",,,,,,,,"d","gv","WAAR","ONWAAR"
"ct:07103_04","skos:Concept",,,"07103_04","specifiek regionaal bedrijventerrein voor kantoren",,"ct:071",,,,,,,,,,,"cs:plan_legende",,,,,,,,"d","gv","WAAR","ONWAAR"
"ct:07104_00","skos:Concept",,,"07104_00","specifiek regionaal bedrijventerrein voor kleinhandel",,"ct:071",,,,,,,,,,,"cs:plan_legende",,,,,,,,"d","gv","WAAR","ONWAAR"
"ct:07104_01","skos:Concept",,,"07104_01","specifiek regionaal bedrijventerrein voor kleinhandel",,"ct:071",,,,,,,,,,,"cs:plan_legende",,,,,,,,"d","gv","WAAR","ONWAAR"
"ct:07104_02","skos:Concept",,,"07104_02","specifiek regionaal bedrijventerrein voor kleinhandel",,"ct:071",,,,,,,,,,,"cs:plan_legende",,,,,,,,"d","gv","WAAR","ONWAAR"
"ct:07105_00","skos:Concept",,,"07105_00","specifiek regionaal bedrijventerrein voor luchthavengebonden bedrijven",,"ct:071",,,,,,,,,,,"cs:plan_legende",,,,,,,,"/","gv","WAAR","ONWAAR"
"ct:07106_00","skos:Concept",,,"07106_00","specifiek regionaal bedrijventerrein met watergebonden karakter",,"ct:071",,,,,,,,,,,"cs:plan_legende",,,,,,,,"d","gv","WAAR","ONWAAR"
"ct:07106_01","skos:Concept",,,"07106_01","specifiek regionaal bedrijventerrein met watergebonden karakter",,"ct:071",,,,,,,,,,,"cs:plan_legende",,,,,,,,"d","gv","WAAR","ONWAAR"
"ct:07106_02","skos:Concept",,,"07106_02","specifiek regionaal bedrijventerrein met watergebonden karakter",,"ct:071",,,,,,,,,,,"cs:plan_legende",,,,,,,,"d","ov","WAAR","ONWAAR"
"ct:07106_03","skos:Concept",,,"07106_03","specifiek regionaal bedrijventerrein met watergebonden karakter",,"ct:071",,,,,,,,,,,"cs:plan_legende",,,,,,,,"d","gv","WAAR","ONWAAR"
"ct:07106_04","skos:Concept",,,"07106_04","specifiek regionaal bedrijventerrein met watergebonden karakter",,"ct:071",,,,,,,,,,,"cs:plan_legende",,,,,,,,"d","gv","WAAR","ONWAAR"
"ct:07107_00","skos:Concept",,,"07107_00","specifiek regionaal bedrijventerrein voor wetenschapspark",,"ct:071",,,,,,,,,,,"cs:plan_legende",,,,,,,,"/","gv","WAAR","ONWAAR"
"ct:07107_01","skos:Concept",,,"07107_01","specifiek regionaal bedrijventerrein voor wetenschapspark",,"ct:071",,,,,,,,,,,"cs:plan_legende",,,,,,,,"/","na","WAAR","ONWAAR"
"ct:07107_02","skos:Concept",,,"07107_02","specifiek regionaal bedrijventerrein voor wetenschapspark",,"ct:071",,,,,,,,,,,"cs:plan_legende",,,,,,,,"/","gv","WAAR","ONWAAR"
"ct:07108_00","skos:Concept",,,"07108_00","specifiek regionaal bedrijventerrein voor afvalverwerking en recyclage",,"ct:071",,,,,,,,,,,"cs:plan_legende",,,,,,,,"/","gv","WAAR","ONWAAR"
"ct:07108_01","skos:Concept",,,"07108_01","specifiek regionaal bedrijventerrein voor afvalverwerking en recyclage",,"ct:071",,,,,,,,,,,"cs:plan_legende",,,,,,,,"/","gv","WAAR","ONWAAR"
"ct:07109_00","skos:Concept",,,"07109_00","regionaal bedrijventerrein voor agro-industrie",,"ct:071",,,,,,,,,,,"cs:plan_legende",,,,,,,,"/","gv","WAAR","ONWAAR"
"ct:07110_00","skos:Concept",,,"07110_00","specifiek regionaal bedrijventerrein voor spoorweggebonden bedrijven",,"ct:071",,,,,,,,,,,"cs:plan_legende",,,,,,,,,"gv","ONWAAR","ONWAAR"
"ct:07111_00","skos:Concept",,,"07111_00","bedrijventerrein voor bestaand regionaal bedrijf",,"ct:071",,,,,,,,,,,"cs:plan_legende",,,,,,,,,"gv","ONWAAR","ONWAAR"
"ct:072","skos:Concept",,"colt:voorschrift_subcategorie","072","bedrijventerreinen in zeehavengebieden",,"ct:07",,,,,,,,,,,,,,,,,,,,,,
"ct:07204_00","skos:Concept",,,"07204_00","gebied voor zeehaven- en watergebonden bedrijven",,"ct:072",,,,,,,,,,,"cs:plan_legende",,,,,,,,"d","gv","WAAR","ONWAAR"
"ct:07204_01","skos:Concept",,,"07204_01","gebied voor zeehaven- en watergebonden bedrijven",,"ct:072",,,,,,,,,,,"cs:plan_legende",,,,,,,,"d","gv","WAAR","ONWAAR"
"ct:07204_02","skos:Concept",,,"07204_02","gebied voor zeehaven- en watergebonden bedrijven",,"ct:072",,,,,,,,,,,"cs:plan_legende",,,,,,,,"d","ov","WAAR","ONWAAR"
"ct:07204_03","skos:Concept",,,"07204_03","gebied voor zeehaven- en watergebonden bedrijven",,"ct:072",,,,,,,,,,,"cs:plan_legende",,,,,,,,"d","gv","WAAR","ONWAAR"
"ct:07204_04","skos:Concept",,,"07204_04","gebied voor zeehaven- en watergebonden bedrijven",,"ct:072",,,,,,,,,,,"cs:plan_legende",,,,,,,,"d","gv","WAAR","ONWAAR"
"ct:07204_05","skos:Concept",,,"07204_05","gebied voor zeehaven- en watergebonden bedrijven",,"ct:072",,,,,,,,,,,"cs:plan_legende",,,,,,,,"d","gv","WAAR","ONWAAR"
"ct:07204_06","skos:Concept",,,"07204_06","gebied voor zeehaven- en watergebonden bedrijven",,"ct:072",,,,,,,,,,,"cs:plan_legende",,,,,,,,"d","gv","WAAR","ONWAAR"
"ct:07204_07","skos:Concept",,,"07204_07","gebied voor zeehaven- en watergebonden bedrijven",,"ct:072",,,,,,,,,,,"cs:plan_legende",,,,,,,,"d","gv","WAAR","ONWAAR"
"ct:07204_08","skos:Concept",,,"07204_08","gebied voor zeehaven- en watergebonden bedrijven",,"ct:072",,,,,,,,,,,"cs:plan_legende",,,,,,,,"d","gv","WAAR","ONWAAR"
"ct:07204_09","skos:Concept",,,"07204_09","gebied voor zeehaven- en watergebonden bedrijven",,"ct:072",,,,,,,,,,,"cs:plan_legende",,,,,,,,"d","gv","WAAR","ONWAAR"
"ct:07205_00","skos:Concept",,,"07205_00","zone met zeehavengebonden kantoren en dienstverlenende bedrijven [131_1]",,"ct:072",,,,,,,,,,,"cs:plan_legende",,,,,,,,"d","gv","ONWAAR","ONWAAR"
"ct:07205_01","skos:Concept",,,"07205_01","zone met zeehavengebonden kantoren en dienstverlenende bedrijven [131_1]",,"ct:072",,,,,,,,,,,"cs:plan_legende",,,,,,,,"d","detail","ONWAAR","ONWAAR"
"ct:07206_00","skos:Concept",,,"07206_00","zone voor bestaande productiebedrijvigheid in zeehavengebied",,"ct:072",,,,,,,,,,,"cs:plan_legende",,,,,,,,"d","gv","ONWAAR","ONWAAR"
"ct:07206_01","skos:Concept",,,"07206_01","zone voor bestaande productiebedrijvigheid in zeehavengebied",,"ct:072",,,,,,,,,,,"cs:plan_legende",,,,,,,,"d","gv","ONWAAR","ONWAAR"
"ct:07207_00","skos:Concept",,,"07207_00","zone voor zeehavengebonden opslag- en verpakkingsactiviteit [131_1]",,"ct:072",,,,,,,,,,,"cs:plan_legende",,,,,,,,"d","gv","ONWAAR","ONWAAR"
"ct:07209_00","skos:Concept",,,"07209_00","zone voor zeehavenondersteunende regionale bedrijvigheid [131_1]",,"ct:072",,,,,,,,,,,"cs:plan_legende",,,,,,,,"d","gv","ONWAAR","ONWAAR"
"ct:07210_00","skos:Concept",,,"07210_00","gebied voor energie",,"ct:072",,,,,,,,,,,"cs:plan_legende",,,,,,,,,"gv","ONWAAR","ONWAAR"
"ct:07210_01","skos:Concept",,,"07210_01","gebied voor energie",,"ct:072",,,,,,,,,,,"cs:plan_legende",,,,,,,,,"gv","ONWAAR","ONWAAR"
"ct:074","skos:Concept",,"colt:voorschrift_subcategorie","074","historisch gegroeid regionaal bedrijventerrein",,"ct:07",,,,,,,,,,,,,,,,,,,,,,
"ct:07401_00","skos:Concept",,,"07401_00","bedrijventerrein voor historisch gegroeid bedrijf",,"ct:074",,,,,,,,,,,"cs:plan_legende",,,,,,,,"d","gv","WAAR","ONWAAR"
"ct:07401_01","skos:Concept",,,"07401_01","bedrijventerrein voor historisch gegroeid bedrijf",,"ct:074",,,,,,,,,,,"cs:plan_legende",,,,,,,,"d","gv","WAAR","ONWAAR"
"ct:07401_02","skos:Concept",,,"07401_02","bedrijventerrein voor historisch gegroeid bedrijf",,"ct:074",,,,,,,,,,,"cs:plan_legende",,,,,,,,"d","gv","WAAR","ONWAAR"
"ct:07402_00","skos:Concept",,,"07402_00","bedrijventerrein voor historisch gegroeid bedrijf met voorbestemming woongebied",,"ct:074",,,,,,,,,,,"cs:plan_legende",,,,,,,,,"gv","ONWAAR","ONWAAR"
"ct:075","skos:Concept",,"colt:voorschrift_subcategorie","075","lokale bedrijventerreinen",,"ct:07",,,,,,,,,,,,,,,,,,,,,,
"ct:07501_00","skos:Concept",,,"07501_00","lokaal bedrijventerrein",,"ct:075",,,,,,,,,,,"cs:plan_legende",,,,,,,,"d","gv","ONWAAR","ONWAAR"
"ct:07501_01","skos:Concept",,,"07501_01","lokaal bedrijventerrein",,"ct:075",,,,,,,,,,,"cs:plan_legende",,,,,,,,"d","gv","ONWAAR","ONWAAR"
"ct:07502_00","skos:Concept",,,"07502_00","bestaand industriegebied",,"ct:075",,,,,,,,,,,"cs:plan_legende",,,,,,,,,"gv","ONWAAR","ONWAAR"
"ct:076","skos:Concept",,"colt:voorschrift_subcategorie","076","gemengde en lokale bedrijventerreinen",,"ct:07",,,,,,,,,,,,,,,,,,,,,,
"ct:07601_00","skos:Concept",,,"07601_00","zone voor commerciële aktiviteiten",,"ct:076",,,,,,,,,,,"cs:plan_legende",,,,,,,,,"gv","ONWAAR","ONWAAR"
"ct:07602_00","skos:Concept",,,"07602_00","bedrijventerrein voor kantoren en katoorachtigen en lokale bedrijvigheid",,"ct:076",,,,,,,,,,,"cs:plan_legende",,,,,,,,"d","gv","ONWAAR","ONWAAR"
"ct:07604_00","skos:Concept",,,"07604_00","grootschalige kleinhandel en/of lokaal bedrijventerrein",,"ct:076",,,,,,,,,,,"cs:plan_legende",,,,,,,,"L","gv","ONWAAR","ONWAAR"
"ct:08","skos:Concept",,"colt:voorschrift_categorie","08","gemeenschapsvoorzieningen en nutsvoorzieningen",,,,,,,,,,,,,"cs:plan_legende",,,,,,,"cs:plan_legende",,,,
"ct:081","skos:Concept",,"colt:voorschrift_subcategorie","081","openbaar nut",,"ct:08",,,,,,,,,,,,,,,,,,,,,,
"ct:08101_00","skos:Concept",,,"08101_00","gebied voor hernieuwbare energie",,"ct:081",,,,,,,,,,,"cs:plan_legende",,,,,,,,"d","ov","WAAR","ONWAAR"
"ct:08102_00","skos:Concept",,,"08102_00","gebied voor gemeenschaps- en openbare nutsvoorzieningen",,"ct:081",,,,,,,,,,,"cs:plan_legende",,,,,,,,"d","gv","WAAR","ONWAAR"
"ct:08102_01","skos:Concept",,,"08102_01","gebied voor gemeenschaps- en openbare nutsvoorzieningen",,"ct:081",,,,,,,,,,,"cs:plan_legende",,,,,,,,"d","gv","WAAR","ONWAAR"
"ct:08102_03","skos:Concept",,,"08102_03","gebied voor gemeenschaps- en openbare nutsvoorzieningen",,"ct:081",,,,,,,,,,,"cs:plan_legende",,,,,,,,"d","gv","WAAR","ONWAAR"
"ct:08102_04","skos:Concept",,,"08102_04","gebied voor gemeenschaps- en openbare nutsvoorzieningen",,"ct:081",,,,,,,,,,,"cs:plan_legende",,,,,,,,"d","gv","WAAR","ONWAAR"
"ct:08103_00","skos:Concept",,,"08103_00","gebied voor publiek wegenonderhoud en beheer",,"ct:081",,,,,,,,,,,"cs:plan_legende",,,,,,,,"d","gv","ONWAAR","ONWAAR"
"ct:08103_01","skos:Concept",,,"08103_01","gebied voor publiek wegenonderhoud en beheer",,"ct:081",,,,,,,,,,,"cs:plan_legende",,,,,,,,"d","detail","ONWAAR","ONWAAR"
"ct:08105_00","skos:Concept",,,"08105_00","gebied van openbaar nut en recreatie",,"ct:081",,,,,,,,,,,"cs:plan_legende",,,,,,,,"d","gv","ONWAAR","ONWAAR"
"ct:08105_01","skos:Concept",,,"08105_01","gebied van openbaar nut en recreatie",,"ct:081",,,,,,,,,,,"cs:plan_legende",,,,,,,,"d","ov","ONWAAR","ONWAAR"
"ct:08106_00","skos:Concept",,,"08106_00","havenondersteunende gemeenschapsvoorzieningen",,"ct:081",,,,,,,,,,,"cs:plan_legende",,,,,,,,"d","gv","ONWAAR","ONWAAR"
"ct:08106_02","skos:Concept",,,"08106_02","havenondersteunende gemeenschapsvoorzieningen",,"ct:081",,,,,,,,,,,"cs:plan_legende",,,,,,,,"d","gv","ONWAAR","ONWAAR"
"ct:08107_00","skos:Concept",,,"08107_00","gebied voor zuiveringsinfrastructuur voor afvalwater [5_1 /131_1]",,"ct:081",,,,,,,,,,,"cs:plan_legende",,,,,,,,"d","gv","WAAR","ONWAAR"
"ct:08107_01","skos:Concept",,,"08107_01","gebied voor zuiveringsinfrastructuur voor afvalwater [5_1 /131_1]",,"ct:081",,,,,,,,,,,"cs:plan_legende",,,,,,,,"d","detail","WAAR","ONWAAR"
"ct:08107_02","skos:Concept",,,"08107_02","gebied voor zuiveringsinfrastructuur voor afvalwater [5_1 /131_1]",,"ct:081",,,,,,,,,,,"cs:plan_legende",,,,,,,,"d","gv","WAAR","ONWAAR"
"ct:08107_03","skos:Concept",,,"08107_03","gebied voor zuiveringsinfrastructuur voor afvalwater [5_1 /131_1]",,"ct:081",,,,,,,,,,,"cs:plan_legende",,,,,,,,"d","detail","WAAR","ONWAAR"
"ct:08108_00","skos:Concept",,,"08108_00","zone voor transformatorpark",,"ct:081",,,,,,,,,,,"cs:plan_legende",,,,,,,,"d","gv","ONWAAR","ONWAAR"
"ct:08109_00","skos:Concept",,,"08109_00","gebied voor infrastructuur voor duurzame watervoorziening",,"ct:081",,,,,,,,,,,"cs:plan_legende",,,,,,,,,"gv","WAAR","ONWAAR"
"ct:08110_00","skos:Concept",,,"08110_00","gebied voor telecommunicatie-infrastructuur",,"ct:081",,,,,,,,,,,"cs:plan_legende",,,,,,,,"d","gv","ONWAAR","ONWAAR"
"ct:08111_00","skos:Concept",,,"08111_00","Gebied voor zorginfrastructuur",,"ct:081",,,,,,,,,,,"cs:plan_legende",,,,,,,,,"gv","ONWAAR","ONWAAR"
"ct:08112_01","skos:Concept",,,"08112_01","Infrastructuurlandschap",,"ct:081",,,,,,,,,,,"cs:plan_legende",,,,,,,,,"gv","ONWAAR","ONWAAR"
"ct:082","skos:Concept",,"colt:voorschrift_subcategorie","082","militair domein",,"ct:08",,,,,,,,,,,,,,,,,,,,,,
"ct:08201_00","skos:Concept",,,"08201_00","militair domein",,"ct:082",,,,,,,,,,,"cs:plan_legende",,,,,,,,,"gv","ONWAAR","ONWAAR"
"ct:083","skos:Concept",,"colt:voorschrift_subcategorie","083","watergevoelige zones",,"ct:08",,,,,,,,,,,,,,,,,,,,,,
"ct:08302_00","skos:Concept",,,"08302_00","waterbeheersgebieden",,"ct:083",,,,,,,,,,,"cs:plan_legende",,,,,,,,"d","gv","ONWAAR","ONWAAR"
"ct:08302_01","skos:Concept",,,"08302_01","waterbeheersgebieden",,"ct:083",,,,,,,,,,,"cs:plan_legende",,,,,,,,"d","detail","ONWAAR","ONWAAR"
"ct:084","skos:Concept",,"colt:voorschrift_subcategorie","084","waterwinningsgebieden",,"ct:08",,,,,,,,,,,,,,,,,,,,,,
"ct:08401_00","skos:Concept",,,"08401_00","waterwinningsgebied",,"ct:084",,,,,,,,,,,"cs:plan_legende",,,,,,,,"d","ov","ONWAAR","ONWAAR"
"ct:08401_01","skos:Concept",,,"08401_01","waterwinningsgebied",,"ct:084",,,,,,,,,,,"cs:plan_legende",,,,,,,,"d","ov","ONWAAR","ONWAAR"
"ct:08402_00","skos:Concept",,,"08402_00","waterberging",,"ct:084",,,,,,,,,,,"cs:plan_legende",,,,,,,,,"ov","ONWAAR","ONWAAR"
"ct:085","skos:Concept",,"colt:voorschrift_subcategorie","085","ontginningsgebieden",,"ct:08",,,,,,,,,,,,,,,,,,,,,,
"ct:08501_00","skos:Concept",,,"08501_00","gebied voor de winning van oppervlaktedelfstoffen",,"ct:085",,,,,,,,,,,"cs:plan_legende",,,,,,,,"d","gv","WAAR","ONWAAR"
"ct:08501_02","skos:Concept",,,"08501_02","gebied voor de winning van oppervlaktedelfstoffen",,"ct:085",,,,,,,,,,,"cs:plan_legende",,,,,,,,"d","voor","WAAR","ONWAAR"
"ct:08501_03","skos:Concept",,,"08501_03","gebied voor de winning van oppervlaktedelfstoffen",,"ct:085",,,,,,,,,,,"cs:plan_legende",,,,,,,,"d","gv","WAAR","ONWAAR"
"ct:08502_00","skos:Concept",,,"08502_00","gebied voor verwerking van oppervlaktedelfstoffen",,"ct:085",,,,,,,,,,,"cs:plan_legende",,,,,,,,"d","gv","WAAR","ONWAAR"
"ct:08503_00","skos:Concept",,,"08503_00","gebied voor recuperatie of recyclage",,"ct:085",,,,,,,,,,,"cs:plan_legende",,,,,,,,,"gv","ONWAAR","ONWAAR"
"ct:08504_00","skos:Concept",,,"08504_00","gebied voor projectgrindwinning",,"ct:085",,,,,,,,,,,"cs:plan_legende",,,,,,,,,"gv","ONWAAR","ONWAAR"
"ct:086","skos:Concept",,"colt:voorschrift_subcategorie","086","stortgebieden",,"ct:08",,,,,,,,,,,,,,,,,,,,,,
"ct:08601_00","skos:Concept",,,"08601_00","stortgebied",,"ct:086",,,,,,,,,,,"cs:plan_legende",,,,,,,,"/","detail","ONWAAR","ONWAAR"
"ct:08601_01","skos:Concept",,,"08601_01","stortgebied",,"ct:086",,,,,,,,,,,"cs:plan_legende",,,,,,,,"/","gv","ONWAAR","ONWAAR"
"ct:08602_00","skos:Concept",,,"08602_00","gebied voor specieberging",,"ct:086",,,,,,,,,,,"cs:plan_legende",,,,,,,,"/","ov","ONWAAR","ONWAAR"
"ct:087","skos:Concept",,"colt:voorschrift_subcategorie","087","OMGEZET NAAR GROEP 09/13/14/15    DEELGROEP NIET MEER VAN TOEPASSING (overige gebieden)",,"ct:08",,,,,,,,,,,,,,,,,,,,,,
"ct:08712_00","skos:Concept",,,"08712_00","CODE NIET MEER VAN TOEPASSING (vista)",,"ct:087",,,,,,,,,,,"cs:plan_legende",,,,,,,,"/","ov","ONWAAR","WAAR"
"ct:088","skos:Concept",,"colt:voorschrift_subcategorie","088","DEELGROEP NIET MEER VAN TOEPASSING (overige lijninfrastructuur (= gemengd, m.a.w niet behorend tot de groepen 09, 10, 11 of 12))",,"ct:08",,,,,,,,,,,,,,,,,,,,,,
"ct:08801_00","skos:Concept",,,"08801_00","CODE NIET MEER VAN TOEPASSING (gebied voor aanpassing van kruisende infrastructuur (in overdruk) (rup: 2_1))",,"ct:088",,,,,,,,,,,"cs:plan_legende",,,,,,,,"d","ov","ONWAAR","WAAR"
"ct:08801_01","skos:Concept",,,"08801_01","CODE NIET MEER VAN TOEPASSING (gebied voor aanpassing van kruisende infrastructuur (in overdruk) (rup: 2_1))",,"ct:088",,,,,,,,,,,"cs:plan_legende",,,,,,,,"d","ov","ONWAAR","WAAR"
"ct:08805_00","skos:Concept",,,"08805_00","CODE NIET MEER VAN TOEPASSING (gemengd reservatiegebied (in overdruk))",,"ct:088",,,,,,,,,,,"cs:plan_legende",,,,,,,,"d","detail","ONWAAR","WAAR"
"ct:09","skos:Concept",,"colt:voorschrift_categorie","09","lijninfrastructuren - autowegen",,,,,,,,,,,,,"cs:plan_legende",,,,,,,"cs:plan_legende",,,,
"ct:091","skos:Concept",,"colt:voorschrift_subcategorie","091","reservatiegebieden voor wegen + aan te leggen wegen",,"ct:09",,,,,,,,,,,,,,,,,,,,,,
"ct:09101_00","skos:Concept",,,"09101_00","reservatiegebied voor hoofdweg",,"ct:091",,,,,,,,,,,"cs:plan_legende",,,,,,,,"d","ov","ONWAAR","WAAR"
"ct:09101_01","skos:Concept",,,"09101_01","reservatiegebied voor hoofdweg",,"ct:091",,,,,,,,,,,"cs:plan_legende",,,,,,,,"d","ov","ONWAAR","WAAR"
"ct:09102_00","skos:Concept",,,"09102_00","gebied voor aanleg, beheer en exploitatie van wegeninfrastructuur",,"ct:091",,,,,,,,,,,"cs:plan_legende",,,,,,,,,"ov","ONWAAR","ONWAAR"
"ct:09109_00","skos:Concept",,,"09109_00","reservatiegebied voor aan te leggen weg (categorie niet bepaald)",,"ct:091",,,,,,,,,,,"cs:plan_legende",,,,,,,,"d","ln|ov","ONWAAR","WAAR"
"ct:09110_00","skos:Concept",,,"09110_00","aslijn wegenis",,"ct:091",,,,,,,,,,,"cs:plan_legende",,,,,,,,,"ln","ONWAAR","ONWAAR"
"ct:092","skos:Concept",,"colt:voorschrift_subcategorie","092","te schrappen (reservatie)gebieden",,"ct:09",,,,,,,,,,,,,,,,,,,,,,
"ct:09201_00","skos:Concept",,,"09201_00","op te heffen reservatiestrook",,"ct:092",,,,,,,,,,,"cs:plan_legende",,,,,,,,"d","over","WAAR","ONWAAR"
"ct:09201_01","skos:Concept",,,"09201_01","op te heffen reservatiestrook",,"ct:092",,,,,,,,,,,"cs:plan_legende",,,,,,,,"d","over","WAAR","ONWAAR"
"ct:09205_00","skos:Concept",,,"09205_00","op te heffen wegenis",,"ct:092",,,,,,,,,,,"cs:plan_legende",,,,,,,,"d","ln","ONWAAR","ONWAAR"
"ct:09205_01","skos:Concept",,,"09205_01","op te heffen wegenis",,"ct:092",,,,,,,,,,,"cs:plan_legende",,,,,,,,"d","ln","ONWAAR","ONWAAR"
"ct:093","skos:Concept",,"colt:voorschrift_subcategorie","093","gebieden voor wegen",,"ct:09",,,,,,,,,,,,,,,,,,,,,,
"ct:09301_00","skos:Concept",,,"09301_00","UITDOVEND hoofdweg",,"ct:093",,,,,,,,,,,"cs:plan_legende",,,,,,,,"d","gv","ONWAAR","ONWAAR"
"ct:09301_02","skos:Concept",,,"09301_02","UITDOVEND hoofdweg",,"ct:093",,,,,,,,,,,"cs:plan_legende",,,,,,,,"d","gv","ONWAAR","ONWAAR"
"ct:09301_03","skos:Concept",,,"09301_03","UITDOVEND hoofdweg",,"ct:093",,,,,,,,,,,"cs:plan_legende",,,,,,,,"d","gv","ONWAAR","ONWAAR"
"ct:09302_00","skos:Concept",,,"09302_00","UITDOVEND primaire weg I",,"ct:093",,,,,,,,,,,"cs:plan_legende",,,,,,,,"d","gv","ONWAAR","ONWAAR"
"ct:09302_01","skos:Concept",,,"09302_01","UITDOVEND primaire weg I",,"ct:093",,,,,,,,,,,"cs:plan_legende",,,,,,,,"d","gv","ONWAAR","ONWAAR"
"ct:09303_00","skos:Concept",,,"09303_00","UITDOVEND secundaire weg",,"ct:093",,,,,,,,,,,"cs:plan_legende",,,,,,,,"d","gv","ONWAAR","ONWAAR"
"ct:09303_01","skos:Concept",,,"09303_01","UITDOVEND secundaire weg",,"ct:093",,,,,,,,,,,"cs:plan_legende",,,,,,,,"d","gv","ONWAAR","ONWAAR"
"ct:09303_02","skos:Concept",,,"09303_02","UITDOVEND secundaire weg",,"ct:093",,,,,,,,,,,"cs:plan_legende",,,,,,,,"d","gv","ONWAAR","ONWAAR"
"ct:09303_03","skos:Concept",,,"09303_03","UITDOVEND secundaire weg",,"ct:093",,,,,,,,,,,"cs:plan_legende",,,,,,,,"d","gv","ONWAAR","ONWAAR"
"ct:09304_00","skos:Concept",,,"09304_00","UITDOVEND lokale weg",,"ct:093",,,,,,,,,,,"cs:plan_legende",,,,,,,,"d","gv","ONWAAR","ONWAAR"
"ct:09304_01","skos:Concept",,,"09304_01","UITDOVEND lokale weg",,"ct:093",,,,,,,,,,,"cs:plan_legende",,,,,,,,"d","gv","ONWAAR","ONWAAR"
"ct:09304_02","skos:Concept",,,"09304_02","UITDOVEND lokale weg",,"ct:093",,,,,,,,,,,"cs:plan_legende",,,,,,,,"d","gv","ONWAAR","ONWAAR"
"ct:09304_03","skos:Concept",,,"09304_03","UITDOVEND lokale weg",,"ct:093",,,,,,,,,,,"cs:plan_legende",,,,,,,,"d","gv","ONWAAR","ONWAAR"
"ct:09305_xx","skos:Concept",,,"09305_xx","gebied voor diensten bij wegeninfrastructuur",,"ct:093",,,,,,,,,,,"cs:plan_legende",,,,,,,,,,"ONWAAR","ONWAAR"
"ct:09309_00","skos:Concept",,,"09309_00","wegeninfrastructuur",,"ct:093",,,,,,,,,,,"cs:plan_legende",,,,,,,,"/","gv","WAAR","ONWAAR"
"ct:09309_01","skos:Concept",,,"09309_01","wegeninfrastructuur",,"ct:093",,,,,,,,,,,"cs:plan_legende",,,,,,,,"/","gv","WAAR","ONWAAR"
"ct:09312_00","skos:Concept",,,"09312_00","zone voor primaire weg II [131_1]",,"ct:093",,,,,,,,,,,"cs:plan_legende",,,,,,,,"d","gv","ONWAAR","ONWAAR"
"ct:09313_00","skos:Concept",,,"09313_00","zone voor knooppunt [131_1 legendvb type 1 / types variëren met gebiedsnrs ]",,"ct:093",,,,,,,,,,,"cs:plan_legende",,,,,,,,"L","gv","ONWAAR","ONWAAR"
"ct:09313_01","skos:Concept",,,"09313_01","zone voor knooppunt [131_1 legendvb type 1 / types variëren met gebiedsnrs ]",,"ct:093",,,,,,,,,,,"cs:plan_legende",,,,,,,,"L","gv","ONWAAR","ONWAAR"
"ct:094","skos:Concept",,"colt:voorschrift_subcategorie","094","DEELGROEP BESTAAT NIET MEER (gebundelde lijninfrastructuur)",,"ct:09",,,,,,,,,,,,,,,,,,,,,,
"ct:09401_00","skos:Concept",,,"09401_00","CODE NIET MEER VAN TOEPASSING (voorheen : bouwvrij gebied langs hoofdweg)",,"ct:094",,,,,,,,,,,"cs:plan_legende",,,,,,,,"d","gv","ONWAAR","WAAR"
"ct:09401_01","skos:Concept",,,"09401_01","CODE NIET MEER VAN TOEPASSING (voorheen : bouwvrij gebied langs hoofdweg)",,"ct:094",,,,,,,,,,,"cs:plan_legende",,,,,,,,"d","ov","ONWAAR","WAAR"
"ct:09402_00","skos:Concept",,,"09402_00","CODE NIET MEER VAN TOEPASSING (voorheen : bouwvrij gebied langs primaire weg)",,"ct:094",,,,,,,,,,,"cs:plan_legende",,,,,,,,"d","gv","ONWAAR","WAAR"
"ct:09402_01","skos:Concept",,,"09402_01","CODE NIET MEER VAN TOEPASSING (voorheen : bouwvrij gebied langs primaire weg)",,"ct:094",,,,,,,,,,,"cs:plan_legende",,,,,,,,"d","ov","ONWAAR","WAAR"
"ct:09404_00","skos:Concept",,,"09404_00","CODE NIET MEER VAN TOEPASSING (voorheen : bouwvrij gebied langs lokale weg)",,"ct:094",,,,,,,,,,,"cs:plan_legende",,,,,,,,"L","detail","ONWAAR","WAAR"
"ct:09405_00","skos:Concept",,,"09405_00","CODE NIET MEER VAN TOEPASSING (voorheen : bouwvrij gebied langs hoofdweg (in overdruk)",,"ct:094",,,,,,,,,,,"cs:plan_legende",,,,,,,,"d","ov","ONWAAR","WAAR"
"ct:09406_00","skos:Concept",,,"09406_00","CODE NIET MEER VAN TOEPASSING (voorheen : bouwvrij gebied langs primaire weg (in overdruk)",,"ct:094",,,,,,,,,,,"cs:plan_legende",,,,,,,,"d","detail","ONWAAR","WAAR"
"ct:09406_01","skos:Concept",,,"09406_01","CODE NIET MEER VAN TOEPASSING (voorheen : bouwvrij gebied langs primaire weg (in overdruk)",,"ct:094",,,,,,,,,,,"cs:plan_legende",,,,,,,,"d","detail","ONWAAR","WAAR"
"ct:10","skos:Concept",,"colt:voorschrift_categorie","10","lijninfrastructuren - spoorwegen",,,,,,,,,,,,,"cs:plan_legende",,,,,,,"cs:plan_legende",,,,
"ct:101","skos:Concept",,"colt:voorschrift_subcategorie","101","DEELGROEP NIET MEER VAN TOEPASSING (reservatiegebieden voor spoorwegen)",,"ct:10",,,,,,,,,,,,,,,,,,,,,,
"ct:10101_00","skos:Concept",,,"10101_00","UITDOVEND : reservatiegebied voor aan te leggen hoofdspoorweg (in overdruk) (rup: 2_1)",,"ct:101",,,,,,,,,,,"cs:plan_legende",,,,,,,,"d","ov","ONWAAR","WAAR"
"ct:103","skos:Concept",,"colt:voorschrift_subcategorie","103","gebieden voor spoorwegen",,"ct:10",,,,,,,,,,,,,,,,,,,,,,
"ct:10301_00","skos:Concept",,,"10301_00","zone voor hoofdspoorweg type 1",,"ct:103",,,,,,,,,,,"cs:plan_legende",,,,,,,,"d","gv|ln","ONWAAR","ONWAAR"
"ct:10301_01","skos:Concept",,,"10301_01","zone voor hoofdspoorweg type 1",,"ct:103",,,,,,,,,,,"cs:plan_legende",,,,,,,,"d","gv","ONWAAR","ONWAAR"
"ct:10306_00","skos:Concept",,,"10306_00","spoorinfrastructuur",,"ct:103",,,,,,,,,,,"cs:plan_legende",,,,,,,,"d","gv","WAAR","ONWAAR"
"ct:10307_00","skos:Concept",,,"10307_00","gebied voor diensten bij spoorweginfrastructuur en aanhorigheden",,"ct:103",,,,,,,,,,,"cs:plan_legende",,,,,,,,,"gv","ONWAAR","ONWAAR"
"ct:10307_01","skos:Concept",,,"10307_01","gebied voor diensten bij spoorweginfrastructuur en aanhorigheden",,"ct:103",,,,,,,,,,,"cs:plan_legende",,,,,,,,,"gv","ONWAAR","ONWAAR"
"ct:10308_00","skos:Concept",,,"10308_00","gebied voor aanleg, beheer en exploitatie van spoorinfrastructuur",,"ct:103",,,,,,,,,,,"cs:plan_legende",,,,,,,,,"ov","ONWAAR","ONWAAR"
"ct:10308_01","skos:Concept",,,"10308_01","gebied voor aanleg, beheer en exploitatie van spoorinfrastructuur",,"ct:103",,,,,,,,,,,"cs:plan_legende",,,,,,,,,"ov","ONWAAR","ONWAAR"
"ct:11","skos:Concept",,"colt:voorschrift_categorie","11","lijninfrastructuren - waterwegen",,,,,,,,,,,,,"cs:plan_legende",,,,,,,"cs:plan_legende",,,,
"ct:111","skos:Concept",,"colt:voorschrift_subcategorie","111","reservatiegebieden voor waterwegen",,"ct:11",,,,,,,,,,,,,,,,,,,,,,
"ct:11102_00","skos:Concept",,,"11102_00","gebied voor aanleg, beheer en exploitatie van waterinfrastrucutuur",,"ct:111",,,,,,,,,,,"cs:plan_legende",,,,,,,,"d","ov","WAAR","ONWAAR"
"ct:11102_01","skos:Concept",,,"11102_01","gebied voor aanleg, beheer en exploitatie van waterinfrastrucutuur",,"ct:111",,,,,,,,,,,"cs:plan_legende",,,,,,,,"d","ov","WAAR","ONWAAR"
"ct:11102_02","skos:Concept",,,"11102_02","gebied voor aanleg, beheer en exploitatie van waterinfrastrucutuur",,"ct:111",,,,,,,,,,,"cs:plan_legende",,,,,,,,"d","ov","WAAR","ONWAAR"
"ct:11102_03","skos:Concept",,,"11102_03","gebied voor aanleg, beheer en exploitatie van waterinfrastrucutuur",,"ct:111",,,,,,,,,,,"cs:plan_legende",,,,,,,,"d","ov","WAAR","ONWAAR"
"ct:112","skos:Concept",,"colt:voorschrift_subcategorie","112","te schrappen reservatiegebieden voor waterwegen",,"ct:11",,,,,,,,,,,,,,,,,,,,,,
"ct:11201_00","skos:Concept",,,"11201_00","op te heffen reservatiegebied voor waterweg (in overdruk) (rup: 2_1)",,"ct:112",,,,,,,,,,,"cs:plan_legende",,,,,,,,"d","ov","ONWAAR","ONWAAR"
"ct:11202_00","skos:Concept",,,"11202_00","op te heffen alternatief reservatiegebied (in overdruk) (rup: 2_1)",,"ct:112",,,,,,,,,,,"cs:plan_legende",,,,,,,,"d","ov","ONWAAR","ONWAAR"
"ct:113","skos:Concept",,"colt:voorschrift_subcategorie","113","gebieden voor waterwegen",,"ct:11",,,,,,,,,,,,,,,,,,,,,,
"ct:11301_00","skos:Concept",,,"11301_00","bestaande waterweg",,"ct:113",,,,,,,,,,,"cs:plan_legende",,,,,,,,"d","gv|ln","ONWAAR","ONWAAR"
"ct:11302_00","skos:Concept",,,"11302_00","waterinfrastructuur",,"ct:113",,,,,,,,,,,"cs:plan_legende",,,,,,,,"d","gv","WAAR","ONWAAR"
"ct:11303_00","skos:Concept",,,"11303_00","gebied voor diensten bij waterinfrasructuur",,"ct:113",,,,,,,,,,,"cs:plan_legende",,,,,,,,,"gv","WAAR","ONWAAR"
"ct:12","skos:Concept",,"colt:voorschrift_categorie","12","lijninfrastructuren - leidingen",,,,,,,,,,,,,"cs:plan_legende",,,,,,,"cs:plan_legende",,,,
"ct:122","skos:Concept",,"colt:voorschrift_subcategorie","122","reservatiegebieden voor aan te leggen leiding",,"ct:12",,,,,,,,,,,,,,,,,,,,,,
"ct:12201_00","skos:Concept",,,"12201_00","te schrappen reservatiegebied voor aan te leggen leiding",,"ct:122",,,,,,,,,,,"cs:plan_legende",,,,,,,,"/","ln","ONWAAR","ONWAAR"
"ct:12202_00","skos:Concept",,,"12202_00","op te heffen leidingstraat",,"ct:122",,,,,,,,,,,"cs:plan_legende",,,,,,,,"/","ln","ONWAAR","ONWAAR"
"ct:12202_01","skos:Concept",,,"12202_01","op te heffen leidingstraat",,"ct:122",,,,,,,,,,,"cs:plan_legende",,,,,,,,"/","ln","ONWAAR","ONWAAR"
"ct:12202_02","skos:Concept",,,"12202_02","op te heffen leidingstraat",,"ct:122",,,,,,,,,,,"cs:plan_legende",,,,,,,,"/","ln","ONWAAR","ONWAAR"
"ct:12202_03","skos:Concept",,,"12202_03","op te heffen leidingstraat",,"ct:122",,,,,,,,,,,"cs:plan_legende",,,,,,,,"/","ln","ONWAAR","ONWAAR"
"ct:12203_00","skos:Concept",,,"12203_00","op te heffen hoogspanningsleiding",,"ct:122",,,,,,,,,,,"cs:plan_legende",,,,,,,,,"ln","ONWAAR","ONWAAR"
"ct:12204_00","skos:Concept",,,"12204_00","reservatiegebied voor hoogspanningsleiding",,"ct:122",,,,,,,,,,,"cs:plan_legende",,,,,,,,,"ov","ONWAAR","ONWAAR"
"ct:12205_00","skos:Concept",,,"12205_00","op te heffen enkelvoudige leiding",,"ct:122",,,,,,,,,,,"cs:plan_legende",,,,,,,,,"ln","ONWAAR","ONWAAR"
"ct:12207_00","skos:Concept",,,"12207_00","reservatiegebied voor aan te leggen leidingstraat",,"ct:122",,,,,,,,,,,"cs:plan_legende",,,,,,,,,"ln|ov","ONWAAR","ONWAAR"
"ct:123","skos:Concept",,"colt:voorschrift_subcategorie","123","bestaande leidingen (in rups)",,"ct:12",,,,,,,,,,,,,,,,,,,,,,
"ct:12301_00","skos:Concept",,,"12301_00","leidingstraat",,"ct:123",,,,,,,,,,,"cs:plan_legende",,,,,,,,"d","ln","WAAR","ONWAAR"
"ct:12301_02","skos:Concept",,,"12301_02","leidingstraat",,"ct:123",,,,,,,,,,,"cs:plan_legende",,,,,,,,"d","ln","WAAR","ONWAAR"
"ct:12302_00","skos:Concept",,,"12302_00","enkelvoudige leiding",,"ct:123",,,,,,,,,,,"cs:plan_legende",,,,,,,,"d","ln","WAAR","ONWAAR"
"ct:12302_01","skos:Concept",,,"12302_01","enkelvoudige leiding",,"ct:123",,,,,,,,,,,"cs:plan_legende",,,,,,,,"d","ln","WAAR","ONWAAR"
"ct:12302_02","skos:Concept",,,"12302_02","enkelvoudige leiding",,"ct:123",,,,,,,,,,,"cs:plan_legende",,,,,,,,"d","ln","WAAR","ONWAAR"
"ct:12303_00","skos:Concept",,,"12303_00","hoogspanningsleiding",,"ct:123",,,,,,,,,,,"cs:plan_legende",,,,,,,,"d","ln","WAAR","ONWAAR"
"ct:12303_01","skos:Concept",,,"12303_01","hoogspanningsleiding",,"ct:123",,,,,,,,,,,"cs:plan_legende",,,,,,,,"d","ln","WAAR","ONWAAR"
"ct:12303_02","skos:Concept",,,"12303_02","hoogspanningsleiding",,"ct:123",,,,,,,,,,,"cs:plan_legende",,,,,,,,"d","ln","WAAR","ONWAAR"
"ct:12303_03","skos:Concept",,,"12303_03","hoogspanningsleiding",,"ct:123",,,,,,,,,,,"cs:plan_legende",,,,,,,,"d","ln","WAAR","ONWAAR"
"ct:12303_04","skos:Concept",,,"12303_04","hoogspanningsleiding",,"ct:123",,,,,,,,,,,"cs:plan_legende",,,,,,,,"d","ln","WAAR","ONWAAR"
"ct:12304_00","skos:Concept",,,"12304_00","leidingstrook",,"ct:123",,,,,,,,,,,"cs:plan_legende",,,,,,,,"d","ov","WAAR","ONWAAR"
"ct:12304_01","skos:Concept",,,"12304_01","leidingstrook",,"ct:123",,,,,,,,,,,"cs:plan_legende",,,,,,,,"d","ov","WAAR","ONWAAR"
"ct:12304_02","skos:Concept",,,"12304_02","leidingstrook",,"ct:123",,,,,,,,,,,"cs:plan_legende",,,,,,,,"d","ov","WAAR","ONWAAR"
"ct:12304_03","skos:Concept",,,"12304_03","leidingstrook",,"ct:123",,,,,,,,,,,"cs:plan_legende",,,,,,,,"d","ov","WAAR","ONWAAR"
"ct:12304_04","skos:Concept",,,"12304_04","leidingstrook",,"ct:123",,,,,,,,,,,"cs:plan_legende",,,,,,,,"d","ov","WAAR","ONWAAR"
"ct:12304_05","skos:Concept",,,"12304_05","leidingstrook",,"ct:123",,,,,,,,,,,"cs:plan_legende",,,,,,,,"d","ov","WAAR","ONWAAR"
"ct:12304_06","skos:Concept",,,"12304_06","leidingstrook",,"ct:123",,,,,,,,,,,"cs:plan_legende",,,,,,,,"d","ov","WAAR","ONWAAR"
"ct:12304_07","skos:Concept",,,"12304_07","leidingstrook",,"ct:123",,,,,,,,,,,"cs:plan_legende",,,,,,,,"d","ov","WAAR","ONWAAR"
"ct:13","skos:Concept",,"colt:voorschrift_categorie","13","gebundelde lijninfrastructuur en/of aanhorigheden",,,,,,,,,,,,,"cs:plan_legende",,,,,,,"cs:plan_legende",,,,
"ct:131","skos:Concept",,"colt:voorschrift_subcategorie","131","gebundelde lijninfrastructuur",,"ct:13",,,,,,,,,,,,,,,,,,,,,,
"ct:13101_01","skos:Concept",,,"13101_01","gebied voor ongelijkvloerse verkeers- en vervoersinfrastructuur (in overdruk)",,"ct:131",,,,,,,,,,,"cs:plan_legende",,,,,,,,,"ov","ONWAAR","ONWAAR"
"ct:13101_02","skos:Concept",,,"13101_02","gebied voor ongelijkvloerse verkeers- en vervoersinfrastructuur (in overdruk)",,"ct:131",,,,,,,,,,,"cs:plan_legende",,,,,,,,,"ov","ONWAAR","ONWAAR"
"ct:13102_00","skos:Concept",,,"13102_00","verkeers- of vervoersinfrastructuur",,"ct:131",,,,,,,,,,,"cs:plan_legende",,,,,,,,"d","gv","WAAR","ONWAAR"
"ct:13102_01","skos:Concept",,,"13102_01","verkeers- of vervoersinfrastructuur",,"ct:131",,,,,,,,,,,"cs:plan_legende",,,,,,,,"d","gv","WAAR","ONWAAR"
"ct:13102_02","skos:Concept",,,"13102_02","verkeers- of vervoersinfrastructuur",,"ct:131",,,,,,,,,,,"cs:plan_legende",,,,,,,,"d","gv","WAAR","ONWAAR"
"ct:13103_00","skos:Concept",,,"13103_00","bouwvrije strook",,"ct:131",,,,,,,,,,,"cs:plan_legende",,,,,,,,,"ov","WAAR","ONWAAR"
"ct:13104_00","skos:Concept",,,"13104_00","reservatiegebied voor aanleg, beheer en exploitatie van verkeers- of vervoersinfrastructuur",,"ct:131",,,,,,,,,,,"cs:plan_legende",,,,,,,,"d","ov","WAAR","ONWAAR"
"ct:13104_01","skos:Concept",,,"13104_01","reservatiegebied voor aanleg, beheer en exploitatie van verkeers- of vervoersinfrastructuur",,"ct:131",,,,,,,,,,,"cs:plan_legende",,,,,,,,"d","ov","WAAR","ONWAAR"
"ct:132","skos:Concept",,"colt:voorschrift_subcategorie","132","aanhorigheden",,"ct:13",,,,,,,,,,,,,,,,,,,,,,
"ct:13201_01","skos:Concept",,,"13201_01","gebied voor overstap (bv. treinstopplaats)",,"ct:132",,,,,,,,,,,"cs:plan_legende",,,,,,,,"d","gv","WAAR","ONWAAR"
"ct:13201_02","skos:Concept",,,"13201_02","gebied voor overstap (bv. treinstopplaats)",,"ct:132",,,,,,,,,,,"cs:plan_legende",,,,,,,,"d","gv","WAAR","ONWAAR"
"ct:13201_03","skos:Concept",,,"13201_03","gebied voor overstap (bv. treinstopplaats)",,"ct:132",,,,,,,,,,,"cs:plan_legende",,,,,,,,"d","gv","WAAR","ONWAAR"
"ct:13201_04","skos:Concept",,,"13201_04","gebied voor overstap (bv. treinstopplaats)",,"ct:132",,,,,,,,,,,"cs:plan_legende",,,,,,,,"d","gv","WAAR","ONWAAR"
"ct:13201_05","skos:Concept",,,"13201_05","gebied voor overstap (bv. treinstopplaats)",,"ct:132",,,,,,,,,,,"cs:plan_legende",,,,,,,,"d","gv","WAAR","ONWAAR"
"ct:13202_00","skos:Concept",,,"13202_00","gebied voor overslag",,"ct:132",,,,,,,,,,,"cs:plan_legende",,,,,,,,,"gv","WAAR","ONWAAR"
"ct:13202_01","skos:Concept",,,"13202_01","gebied voor overslag",,"ct:132",,,,,,,,,,,"cs:plan_legende",,,,,,,,,"ov","WAAR","ONWAAR"
"ct:14","skos:Concept",,"colt:voorschrift_categorie","14","tijdsgebonden aspecten",,,,,,,,,,,,,"cs:plan_legende",,,,,,,"cs:plan_legende",,,,
"ct:141","skos:Concept",,"colt:voorschrift_subcategorie","141","tijdsgebonden aspecten",,"ct:14",,,,,,,,,,,,,,,,,,,,,,
"ct:14101_00","skos:Concept",,,"14101_00","fasering eerste fase ( in tweede fase dubbele schuine arcering)",,"ct:141",,,,,,,,,,,"cs:plan_legende",,,,,,,,"d","detail","WAAR","ONWAAR"
"ct:14101_01","skos:Concept",,,"14101_01","fasering eerste fase ( in tweede fase dubbele schuine arcering)",,"ct:141",,,,,,,,,,,"cs:plan_legende",,,,,,,,"d","detail","WAAR","ONWAAR"
"ct:14101_02","skos:Concept",,,"14101_02","fasering eerste fase ( in tweede fase dubbele schuine arcering)",,"ct:141",,,,,,,,,,,"cs:plan_legende",,,,,,,,"d","detail","WAAR","ONWAAR"
"ct:14101_03","skos:Concept",,,"14101_03","fasering eerste fase ( in tweede fase dubbele schuine arcering)",,"ct:141",,,,,,,,,,,"cs:plan_legende",,,,,,,,"d","detail","WAAR","ONWAAR"
"ct:14101_04","skos:Concept",,,"14101_04","fasering eerste fase ( in tweede fase dubbele schuine arcering)",,"ct:141",,,,,,,,,,,"cs:plan_legende",,,,,,,,"d","detail","WAAR","ONWAAR"
"ct:14101_06","skos:Concept",,,"14101_06","fasering eerste fase ( in tweede fase dubbele schuine arcering)",,"ct:141",,,,,,,,,,,"cs:plan_legende",,,,,,,,"d","ov","WAAR","ONWAAR"
"ct:14103_00","skos:Concept",,,"14103_00","werfzone",,"ct:141",,,,,,,,,,,"cs:plan_legende",,,,,,,,,"ov","ONWAAR","ONWAAR"
"ct:14103_01","skos:Concept",,,"14103_01","werfzone",,"ct:141",,,,,,,,,,,"cs:plan_legende",,,,,,,,,"ov","ONWAAR","ONWAAR"
"ct:14103_02","skos:Concept",,,"14103_02","werfzone",,"ct:141",,,,,,,,,,,"cs:plan_legende",,,,,,,,,"ov","ONWAAR","ONWAAR"
"ct:14105_00","skos:Concept",,,"14105_00","tijdelijke aanleg",,"ct:141",,,,,,,,,,,"cs:plan_legende",,,,,,,,,"ov","ONWAAR","ONWAAR"
"ct:15","skos:Concept",,"colt:voorschrift_categorie","15","inrichting en beheersaspecten",,,,,,,,,,,,,"cs:plan_legende",,,,,,,"cs:plan_legende",,,,
"ct:151","skos:Concept",,"colt:voorschrift_subcategorie","151","inrichting",,"ct:15",,,,,,,,,,,,,,,,,,,,,,
"ct:15101_00","skos:Concept",,,"15101_00","gebied voor personeelsparking",,"ct:151",,,,,,,,,,,"cs:plan_legende",,,,,,,,"d","detail","ONWAAR","ONWAAR"
"ct:15101_01","skos:Concept",,,"15101_01","gebied voor personeelsparking",,"ct:151",,,,,,,,,,,"cs:plan_legende",,,,,,,,"d","detail","ONWAAR","ONWAAR"
"ct:15101_02","skos:Concept",,,"15101_02","gebied voor personeelsparking",,"ct:151",,,,,,,,,,,"cs:plan_legende",,,,,,,,"d","detail","ONWAAR","ONWAAR"
"ct:15102_00","skos:Concept",,,"15102_00","bouwvrije zone ifv inrichting",,"ct:151",,,,,,,,,,,"cs:plan_legende",,,,,,,,,"detail","ONWAAR","WAAR"
"ct:15102_01","skos:Concept",,,"15102_01","bouwvrije zone ifv inrichting",,"ct:151",,,,,,,,,,,"cs:plan_legende",,,,,,,,,"detail","ONWAAR","WAAR"
"ct:15103_00","skos:Concept",,,"15103_00","op te heffen verkavelingen",,"ct:151",,,,,,,,,,,"cs:plan_legende",,,,,,,,,"ov","ONWAAR","ONWAAR"
"ct:15103_01","skos:Concept",,,"15103_01","op te heffen verkavelingen",,"ct:151",,,,,,,,,,,"cs:plan_legende",,,,,,,,,"ov","ONWAAR","ONWAAR"
"ct:15104_00","skos:Concept",,,"15104_00","landschappelijke inpassing",,"ct:151",,,,,,,,,,,"cs:plan_legende",,,,,,,,,"detail","ONWAAR","ONWAAR"
"ct:15105_00","skos:Concept",,,"15105_00","beperkte bouwmogelijkheden",,"ct:151",,,,,,,,,,,"cs:plan_legende",,,,,,,,,"ov","ONWAAR","ONWAAR"
"ct:15105_01","skos:Concept",,,"15105_01","beperkte bouwmogelijkheden",,"ct:151",,,,,,,,,,,"cs:plan_legende",,,,,,,,,"ov","ONWAAR","ONWAAR"
"ct:15106_00","skos:Concept",,,"15106_00","toegelaten gebouwen voor gemeenschaps- en openbare nutsvoorzieningen",,"ct:151",,,,,,,,,,,"cs:plan_legende",,,,,,,,,"ov","ONWAAR","ONWAAR"
"ct:15107_00","skos:Concept",,,"15107_00","zone voor opslag",,"ct:151",,,,,,,,,,,"cs:plan_legende",,,,,,,,,"detail","ONWAAR","ONWAAR"
"ct:15107_01","skos:Concept",,,"15107_01","zone voor opslag",,"ct:151",,,,,,,,,,,"cs:plan_legende",,,,,,,,,"detail","ONWAAR","ONWAAR"
"ct:15108_00","skos:Concept",,,"15108_00","zone voor niet-hinderlijke activiteiten",,"ct:151",,,,,,,,,,,"cs:plan_legende",,,,,,,,"d","detail","ONWAAR","ONWAAR"
"ct:15108_01","skos:Concept",,,"15108_01","zone voor niet-hinderlijke activiteiten",,"ct:151",,,,,,,,,,,"cs:plan_legende",,,,,,,,"d","detail","ONWAAR","ONWAAR"
"ct:15108_02","skos:Concept",,,"15108_02","zone voor niet-hinderlijke activiteiten",,"ct:151",,,,,,,,,,,"cs:plan_legende",,,,,,,,"d","detail","ONWAAR","ONWAAR"
"ct:15108_04","skos:Concept",,,"15108_04","zone voor niet-hinderlijke activiteiten",,"ct:151",,,,,,,,,,,"cs:plan_legende",,,,,,,,"d","detail","ONWAAR","ONWAAR"
"ct:15109_00","skos:Concept",,,"15109_00","zone voor specifieke gebouwen en constructies",,"ct:151",,,,,,,,,,,"cs:plan_legende",,,,,,,,,"detail","WAAR","ONWAAR"
"ct:15109_01","skos:Concept",,,"15109_01","zone voor specifieke gebouwen en constructies",,"ct:151",,,,,,,,,,,"cs:plan_legende",,,,,,,,,"detail","WAAR","ONWAAR"
"ct:15109_02","skos:Concept",,,"15109_02","zone voor specifieke gebouwen en constructies",,"ct:151",,,,,,,,,,,"cs:plan_legende",,,,,,,,,"detail","WAAR","ONWAAR"
"ct:15109_03","skos:Concept",,,"15109_03","zone voor specifieke gebouwen en constructies",,"ct:151",,,,,,,,,,,"cs:plan_legende",,,,,,,,,"detail","WAAR","ONWAAR"
"ct:15110_00","skos:Concept",,,"15110_00","portaal",,"ct:151",,,,,,,,,,,"cs:plan_legende",,,,,,,,,"ov","ONWAAR","ONWAAR"
"ct:15111_00","skos:Concept",,,"15111_00","vista",,"ct:151",,,,,,,,,,,"cs:plan_legende",,,,,,,,,"ov","ONWAAR","ONWAAR"
"ct:15112_00","skos:Concept",,,"15112_00","tuinen",,"ct:151",,,,,,,,,,,"cs:plan_legende",,,,,,,,,"detail","ONWAAR","ONWAAR"
"ct:15112_01","skos:Concept",,,"15112_01","tuinen",,"ct:151",,,,,,,,,,,"cs:plan_legende",,,,,,,,,"detail","ONWAAR","ONWAAR"
"ct:15113_00","skos:Concept",,,"15113_00","zone voor ondersteunende en dienstverlenende bedrijven / gemeenschappelijke en complementaire voorzieningen",,"ct:151",,,,,,,,,,,"cs:plan_legende",,,,,,,,,"detail","ONWAAR","ONWAAR"
"ct:15113_01","skos:Concept",,,"15113_01","zone voor ondersteunende en dienstverlenende bedrijven / gemeenschappelijke en complementaire voorzieningen",,"ct:151",,,,,,,,,,,"cs:plan_legende",,,,,,,,,"detail","ONWAAR","ONWAAR"
"ct:15113_02","skos:Concept",,,"15113_02","zone voor ondersteunende en dienstverlenende bedrijven / gemeenschappelijke en complementaire voorzieningen",,"ct:151",,,,,,,,,,,"cs:plan_legende",,,,,,,,,"detail","ONWAAR","ONWAAR"
"ct:15114_00","skos:Concept",,,"15114_00","zone voor toelaatbare bebouwing en infrastructuur",,"ct:151",,,,,,,,,,,"cs:plan_legende",,,,,,,,,"ov","ONWAAR","ONWAAR"
"ct:15114_01","skos:Concept",,,"15114_01","zone voor toelaatbare bebouwing en infrastructuur",,"ct:151",,,,,,,,,,,"cs:plan_legende",,,,,,,,,"ov","ONWAAR","ONWAAR"
"ct:15114_02","skos:Concept",,,"15114_02","zone voor toelaatbare bebouwing en infrastructuur",,"ct:151",,,,,,,,,,,"cs:plan_legende",,,,,,,,,"ov","ONWAAR","ONWAAR"
"ct:15115_00","skos:Concept",,,"15115_00","zone voor nucleaire sanering",,"ct:151",,,,,,,,,,,"cs:plan_legende",,,,,,,,,"ov","ONWAAR","ONWAAR"
"ct:15116_00","skos:Concept",,,"15116_00","veiligheidszone nucleaire activiteit",,"ct:151",,,,,,,,,,,"cs:plan_legende",,,,,,,,,"detail","ONWAAR","ONWAAR"
"ct:15117_00","skos:Concept",,,"15117_00","speelvrije zone",,"ct:151",,,,,,,,,,,"cs:plan_legende",,,,,,,,,"ov","ONWAAR","ONWAAR"
"ct:15118_00","skos:Concept",,,"15118_00","Erfdienstbaarheidsgebied",,"ct:151",,,,,,,,,,,"cs:plan_legende",,,,,,,,,"ov","ONWAAR","ONWAAR"
"ct:152","skos:Concept",,"colt:voorschrift_subcategorie","152","beheer",,"ct:15",,,,,,,,,,,,,,,,,,,,,,
"ct:15201_00","skos:Concept",,,"15201_00","uitdoofbeleid voor zonevreemde activiteiten",,"ct:152",,,,,,,,,,,"cs:plan_legende",,,,,,,,,"ov","ONWAAR","ONWAAR"
"ct:15202_00","skos:Concept",,,"15202_00","recht van voorkoop",,"ct:152",,,,,,,,,,,"cs:plan_legende",,,,,,,,,"ov","ONWAAR","ONWAAR"
"ct:15203_00","skos:Concept",,,"15203_00","cultuurhistorische waarde, historische relicten, landschapsbeheer",,"ct:152",,,,,,,,,,,"cs:plan_legende",,,,,,,,,"ov","ONWAAR","ONWAAR"
"ct:15203_01","skos:Concept",,,"15203_01","cultuurhistorische waarde, historische relicten, landschapsbeheer",,"ct:152",,,,,,,,,,,"cs:plan_legende",,,,,,,,,"ov","ONWAAR","ONWAAR"
"ct:15205_xx","skos:Concept",,,"15205_xx","vloeiweiden",,"ct:152",,,,,,,,,,,"cs:plan_legende",,,,,,,,,,"ONWAAR","ONWAAR"
"ct:15206_00","skos:Concept",,,"15206_00","waterbeheer",,"ct:152",,,,,,,,,,,"cs:plan_legende",,,,,,,,,"ov","ONWAAR","ONWAAR"
"ct:20","skos:Concept",,"colt:voorschrift_categorie","20","punten indicatieve aanduiding",,,,,,,,,,,,,"cs:plan_legende",,,,,,,"cs:plan_legende",,,,
"ct:201","skos:Concept",,"colt:voorschrift_subcategorie","201","gebouwen",,"ct:20",,,,,,,,,,,,,,,,,,,,,,
"ct:20101_00","skos:Concept",,,"20101_00","gebouw",,"ct:201",,,,,,,,,,,"cs:plan_legende",,,,,,,,,"pt_ia","ONWAAR","ONWAAR"
"ct:20101_01","skos:Concept",,,"20101_01","gebouw",,"ct:201",,,,,,,,,,,"cs:plan_legende",,,,,,,,,"pt_ia","ONWAAR","ONWAAR"
"ct:20101_02","skos:Concept",,,"20101_02","gebouw",,"ct:201",,,,,,,,,,,"cs:plan_legende",,,,,,,,,"pt_ia","ONWAAR","ONWAAR"
"ct:20102_00","skos:Concept",,,"20102_00","toren",,"ct:201",,,,,,,,,,,"cs:plan_legende",,,,,,,,,"pt_ia","ONWAAR","ONWAAR"
"ct:202","skos:Concept",,"colt:voorschrift_subcategorie","202","knooppunten",,"ct:20",,,,,,,,,,,,,,,,,,,,,,
"ct:20201_00","skos:Concept",,,"20201_00","HC (hollands complex)",,"ct:202",,,,,,,,,,,"cs:plan_legende",,,,,,,,,"pt_ia","ONWAAR","ONWAAR"
"ct:20202_00","skos:Concept",,,"20202_00","ov_kn2 (openbaar vervoer knooppunt)",,"ct:202",,,,,,,,,,,"cs:plan_legende",,,,,,,,,"pt_ia","ONWAAR","ONWAAR"
"ct:20203_00","skos:Concept",,,"20203_00","brug",,"ct:202",,,,,,,,,,,"cs:plan_legende",,,,,,,,,"pt_ia","ONWAAR","ONWAAR"
"ct:20204_00","skos:Concept",,,"20204_00","busstation",,"ct:202",,,,,,,,,,,"cs:plan_legende",,,,,,,,,"pt_ia","ONWAAR","ONWAAR"
"ct:20205_00","skos:Concept",,,"20205_00","toegang voor hulpdiensten",,"ct:202",,,,,,,,,,,"cs:plan_legende",,,,,,,,,"pt_ia","ONWAAR","ONWAAR"
"ct:20206_00","skos:Concept",,,"20206_00","stadsdistributie",,"ct:202",,,,,,,,,,,"cs:plan_legende",,,,,,,,,"pt_ia","ONWAAR","ONWAAR"
"ct:203","skos:Concept",,"colt:voorschrift_subcategorie","203","allerlei",,"ct:20",,,,,,,,,,,,,,,,,,,,,,
"ct:20301_00","skos:Concept",,,"20301_00","heuvel",,"ct:203",,,,,,,,,,,"cs:plan_legende",,,,,,,,,"pt_ia","ONWAAR","ONWAAR"
"ct:20302_00","skos:Concept",,,"20302_00","puntpijl",,"ct:203",,,,,,,,,,,"cs:plan_legende",,,,,,,,,"pt_ia","ONWAAR","ONWAAR"
"ct:20303_00","skos:Concept",,,"20303_00","meerpalen, pompgemaal",,"ct:203",,,,,,,,,,,"cs:plan_legende",,,,,,,,,"pt","ONWAAR","ONWAAR"
"ct:20304_00","skos:Concept",,,"20304_00","hoekbomen",,"ct:203",,,,,,,,,,,"cs:plan_legende",,,,,,,,,"pt","ONWAAR","ONWAAR"
"ct:20305_00","skos:Concept",,,"20305_00","gebouw",,"ct:203",,,,,,,,,,,"cs:plan_legende",,,,,,,,,"pt","ONWAAR","ONWAAR"
"ct:20306_00","skos:Concept",,,"20306_00","bestaand bouwkundig erfgoed primair",,"ct:203",,,,,,,,,,,"cs:plan_legende",,,,,,,,,"pt","ONWAAR","ONWAAR"
"ct:20307_00","skos:Concept",,,"20307_00","bestaand bouwkundig erfgoed tweede rangorde",,"ct:203",,,,,,,,,,,"cs:plan_legende",,,,,,,,,"pt","ONWAAR","ONWAAR"
"ct:20308_00","skos:Concept",,,"20308_00","zichtrelatie",,"ct:203",,,,,,,,,,,"cs:plan_legende",,,,,,,,,"pt_ia","ONWAAR","ONWAAR"
"ct:20309_00","skos:Concept",,,"20309_00","ondergronds historisch monument",,"ct:203",,,,,,,,,,,"cs:plan_legende",,,,,,,,,"pt","ONWAAR","ONWAAR"
"ct:20310_00","skos:Concept",,,"20310_00","openbaar nut",,"ct:203",,,,,,,,,,,"cs:plan_legende",,,,,,,,,"pt_ia","ONWAAR","ONWAAR"
"ct:20311_00","skos:Concept",,,"20311_00","infrastructuur",,"ct:203",,,,,,,,,,,"cs:plan_legende",,,,,,,,,"pt_ia","ONWAAR","ONWAAR"
"ct:21","skos:Concept",,"colt:voorschrift_categorie","21","lijnen indicatieve aanduiding",,,,,,,,,,,,,"cs:plan_legende",,,,,,,"cs:plan_legende",,,,
"ct:211","skos:Concept",,"colt:voorschrift_subcategorie","211","ontsluiting",,"ct:21",,,,,,,,,,,,,,,,,,,,,,
"ct:21101_00","skos:Concept",,,"21101_00","ontsluiting",,"ct:211",,,,,,,,,,,"cs:plan_legende",,,,,,,,,"ln_ia","ONWAAR","ONWAAR"
"ct:21101_01","skos:Concept",,,"21101_01","ontsluiting",,"ct:211",,,,,,,,,,,"cs:plan_legende",,,,,,,,,"ln_ia","ONWAAR","ONWAAR"
"ct:21101_02","skos:Concept",,,"21101_02","ontsluiting",,"ct:211",,,,,,,,,,,"cs:plan_legende",,,,,,,,,"ln_ia","ONWAAR","ONWAAR"
"ct:21101_03","skos:Concept",,,"21101_03","ontsluiting",,"ct:211",,,,,,,,,,,"cs:plan_legende",,,,,,,,,"ln_ia","ONWAAR","ONWAAR"
"ct:21101_04","skos:Concept",,,"21101_04","ontsluiting",,"ct:211",,,,,,,,,,,"cs:plan_legende",,,,,,,,,"ln_ia","ONWAAR","ONWAAR"
"ct:21101_05","skos:Concept",,,"21101_05","ontsluiting",,"ct:211",,,,,,,,,,,"cs:plan_legende",,,,,,,,,"ln_ia","ONWAAR","ONWAAR"
"ct:21101_06","skos:Concept",,,"21101_06","ontsluiting",,"ct:211",,,,,,,,,,,"cs:plan_legende",,,,,,,,,"ln_ia","ONWAAR","ONWAAR"
"ct:21101_07","skos:Concept",,,"21101_07","ontsluiting",,"ct:211",,,,,,,,,,,"cs:plan_legende",,,,,,,,,"ln_ia","ONWAAR","ONWAAR"
"ct:21101_08","skos:Concept",,,"21101_08","ontsluiting",,"ct:211",,,,,,,,,,,"cs:plan_legende",,,,,,,,,"ln_ia","ONWAAR","ONWAAR"
"ct:212","skos:Concept",,"colt:voorschrift_subcategorie","212","langzaam verkeer",,"ct:21",,,,,,,,,,,,,,,,,,,,,,
"ct:21201_00","skos:Concept",,,"21201_00","langzaam verkeer",,"ct:212",,,,,,,,,,,"cs:plan_legende",,,,,,,,,"ln_ia","ONWAAR","ONWAAR"
"ct:21201_01","skos:Concept",,,"21201_01","langzaam verkeer",,"ct:212",,,,,,,,,,,"cs:plan_legende",,,,,,,,,"ln_ia","ONWAAR","ONWAAR"
"ct:21201_02","skos:Concept",,,"21201_02","langzaam verkeer",,"ct:212",,,,,,,,,,,"cs:plan_legende",,,,,,,,,"ln_ia","ONWAAR","ONWAAR"
"ct:21201_03","skos:Concept",,,"21201_03","langzaam verkeer",,"ct:212",,,,,,,,,,,"cs:plan_legende",,,,,,,,,"ln_ia","ONWAAR","ONWAAR"
"ct:21201_04","skos:Concept",,,"21201_04","langzaam verkeer",,"ct:212",,,,,,,,,,,"cs:plan_legende",,,,,,,,,"ln_ia","ONWAAR","ONWAAR"
"ct:21201_05","skos:Concept",,,"21201_05","langzaam verkeer",,"ct:212",,,,,,,,,,,"cs:plan_legende",,,,,,,,,"ln_ia","ONWAAR","ONWAAR"
"ct:21201_06","skos:Concept",,,"21201_06","langzaam verkeer",,"ct:212",,,,,,,,,,,"cs:plan_legende",,,,,,,,,"ln_ia","ONWAAR","ONWAAR"
"ct:213","skos:Concept",,"colt:voorschrift_subcategorie","213","buffers",,"ct:21",,,,,,,,,,,,,,,,,,,,,,
"ct:21301_00","skos:Concept",,,"21301_00","buffer",,"ct:213",,,,,,,,,,,"cs:plan_legende",,,,,,,,,"ln_ia","ONWAAR","ONWAAR"
"ct:21301_01","skos:Concept",,,"21301_01","buffer",,"ct:213",,,,,,,,,,,"cs:plan_legende",,,,,,,,,"ln_ia","ONWAAR","ONWAAR"
"ct:21301_02","skos:Concept",,,"21301_02","buffer",,"ct:213",,,,,,,,,,,"cs:plan_legende",,,,,,,,,"ln_ia","ONWAAR","ONWAAR"
"ct:21301_03","skos:Concept",,,"21301_03","buffer",,"ct:213",,,,,,,,,,,"cs:plan_legende",,,,,,,,,"ln_ia","ONWAAR","ONWAAR"
"ct:21301_04","skos:Concept",,,"21301_04","buffer",,"ct:213",,,,,,,,,,,"cs:plan_legende",,,,,,,,,"ln_ia","ONWAAR","ONWAAR"
"ct:21302_00","skos:Concept",,,"21302_00","geluidscherm",,"ct:213",,,,,,,,,,,"cs:plan_legende",,,,,,,,,"ln_ia","ONWAAR","ONWAAR"
"ct:214","skos:Concept",,"colt:voorschrift_subcategorie","214","bouwlijnen",,"ct:21",,,,,,,,,,,,,,,,,,,,,,
"ct:21401_00","skos:Concept",,,"21401_00","maatbepaling",,"ct:214",,,,,,,,,,,"cs:plan_legende",,,,,,,,,"ln_ia","ONWAAR","ONWAAR"
"ct:21402_00","skos:Concept",,,"21402_00","bouwlijnen",,"ct:214",,,,,,,,,,,"cs:plan_legende",,,,,,,,,"ln_ia","ONWAAR","ONWAAR"
"ct:215","skos:Concept",,"colt:voorschrift_subcategorie","215","lokale wegenis",,"ct:21",,,,,,,,,,,,,,,,,,,,,,
"ct:21501_00","skos:Concept",,,"21501_00","wegenis",,"ct:215",,,,,,,,,,,"cs:plan_legende",,,,,,,,,"ln_ia","ONWAAR","ONWAAR"
"ct:21501_01","skos:Concept",,,"21501_01","wegenis",,"ct:215",,,,,,,,,,,"cs:plan_legende",,,,,,,,,"ln_ia","ONWAAR","ONWAAR"
"ct:21501_02","skos:Concept",,,"21501_02","wegenis",,"ct:215",,,,,,,,,,,"cs:plan_legende",,,,,,,,,"ln_ia","ONWAAR","ONWAAR"
"ct:21501_03","skos:Concept",,,"21501_03","wegenis",,"ct:215",,,,,,,,,,,"cs:plan_legende",,,,,,,,,"ln_ia","ONWAAR","ONWAAR"
"ct:21501_04","skos:Concept",,,"21501_04","wegenis",,"ct:215",,,,,,,,,,,"cs:plan_legende",,,,,,,,,"ln_ia","ONWAAR","ONWAAR"
"ct:21502_00","skos:Concept",,,"21502_00","dreef",,"ct:215",,,,,,,,,,,"cs:plan_legende",,,,,,,,,"ln_ia","ONWAAR","ONWAAR"
"ct:21502_01","skos:Concept",,,"21502_01","dreef",,"ct:215",,,,,,,,,,,"cs:plan_legende",,,,,,,,,"ln_ia","ONWAAR","ONWAAR"
"ct:21502_02","skos:Concept",,,"21502_02","dreef",,"ct:215",,,,,,,,,,,"cs:plan_legende",,,,,,,,,"ln_ia","ONWAAR","ONWAAR"
"ct:21502_03","skos:Concept",,,"21502_03","dreef",,"ct:215",,,,,,,,,,,"cs:plan_legende",,,,,,,,,"ln_ia","ONWAAR","ONWAAR"
"ct:216","skos:Concept",,"colt:voorschrift_subcategorie","216","waterinfrastructuur",,"ct:21",,,,,,,,,,,,,,,,,,,,,,
"ct:21601_00","skos:Concept",,,"21601_00","waterweg",,"ct:216",,,,,,,,,,,"cs:plan_legende",,,,,,,,,"ln_ia","ONWAAR","ONWAAR"
"ct:21601_01","skos:Concept",,,"21601_01","waterweg",,"ct:216",,,,,,,,,,,"cs:plan_legende",,,,,,,,,"ln_ia","ONWAAR","ONWAAR"
"ct:21602_00","skos:Concept",,,"21602_00","indicatieve waterweg",,"ct:216",,,,,,,,,,,"cs:plan_legende",,,,,,,,,"ln_ia","ONWAAR","ONWAAR"
"ct:21602_01","skos:Concept",,,"21602_01","indicatieve waterweg",,"ct:216",,,,,,,,,,,"cs:plan_legende",,,,,,,,,"ln_ia","ONWAAR","ONWAAR"
"ct:21602_02","skos:Concept",,,"21602_02","indicatieve waterweg",,"ct:216",,,,,,,,,,,"cs:plan_legende",,,,,,,,,"ln_ia","ONWAAR","ONWAAR"
"ct:217","skos:Concept",,"colt:voorschrift_subcategorie","217","spoorinfrastructuur",,"ct:21",,,,,,,,,,,,,,,,,,,,,,
"ct:21701_00","skos:Concept",,,"21701_00","spoorinfrastructuur",,"ct:217",,,,,,,,,,,"cs:plan_legende",,,,,,,,,"ln_ia","ONWAAR","ONWAAR"
"ct:21701_01","skos:Concept",,,"21701_01","spoorinfrastructuur",,"ct:217",,,,,,,,,,,"cs:plan_legende",,,,,,,,,"ln_ia","ONWAAR","ONWAAR"
"ct:218","skos:Concept",,"colt:voorschrift_subcategorie","218","historische verbinding",,"ct:21",,,,,,,,,,,,,,,,,,,,,,
"ct:21801_00","skos:Concept",,,"21801_00","herstellen historische verbinding",,"ct:218",,,,,,,,,,,"cs:plan_legende",,,,,,,,,"ln_ia","ONWAAR","ONWAAR"
"ct:21801_02","skos:Concept",,,"21801_02","herstellen historische verbinding",,"ct:218",,,,,,,,,,,"cs:plan_legende",,,,,,,,,"ln_ia","ONWAAR","ONWAAR"
"ct:219","skos:Concept",,"colt:voorschrift_subcategorie","219","natuurcorridors",,"ct:21",,,,,,,,,,,,,,,,,,,,,,
"ct:21901_00","skos:Concept",,,"21901_00","natuurcorridors",,"ct:219",,,,,,,,,,,"cs:plan_legende",,,,,,,,,"ln_ia","ONWAAR","ONWAAR"
"ct:21901_01","skos:Concept",,,"21901_01","natuurcorridors",,"ct:219",,,,,,,,,,,"cs:plan_legende",,,,,,,,,"ln_ia","ONWAAR","ONWAAR"
"ct:22","skos:Concept",,"colt:voorschrift_categorie","22","vlakken indicatieve aanduiding",,,,,,,,,,,,,"cs:plan_legende",,,,,,,"cs:plan_legende",,,,
"ct:221","skos:Concept",,"colt:voorschrift_subcategorie","221","wegeninfrastructuur",,"ct:22",,,,,,,,,,,,,,,,,,,,,,
"ct:22101_00","skos:Concept",,,"22101_00","zone voor landschappelijke inpassing",,"ct:221",,,,,,,,,,,"cs:plan_legende",,,,,,,,,"ov_ia","ONWAAR","ONWAAR"
"ct:22101_03","skos:Concept",,,"22101_03","zone voor landschappelijke inpassing",,"ct:221",,,,,,,,,,,"cs:plan_legende",,,,,,,,,"ov","ONWAAR","ONWAAR"
"ct:22101_04","skos:Concept",,,"22101_04","zone voor landschappelijke inpassing",,"ct:221",,,,,,,,,,,"cs:plan_legende",,,,,,,,,"ov","ONWAAR","ONWAAR"
"ct:22101_05","skos:Concept",,,"22101_05","zone voor landschappelijke inpassing",,"ct:221",,,,,,,,,,,"cs:plan_legende",,,,,,,,,"ov","ONWAAR","ONWAAR"
"ct:222","skos:Concept",,"colt:voorschrift_subcategorie","222","spoorinfratructuur",,"ct:22",,,,,,,,,,,,,,,,,,,,,,
"ct:22201_00","skos:Concept",,,"22201_00","zone voor landschappelijke inpassing",,"ct:222",,,,,,,,,,,"cs:plan_legende",,,,,,,,,"ov_ia","ONWAAR","ONWAAR"
"ct:99","skos:Concept",,"colt:voorschrift_categorie","99","annotatie",,,,,,,,,,,,,"cs:plan_legende",,,,,,,"cs:plan_legende",,,,
"ct:999","skos:Concept",,"colt:voorschrift_subcategorie","999","annotaties",,"ct:99",,,,,,,,,,,,,,,,,,,,,,
"ct:99999_00","skos:Concept",,,"99999_00","annotatie",,"ct:999",,,,,,,,,,,"cs:plan_legende",,,,,,,,,"annotatie","ONWAAR","ONWAAR"
"ct:99999_01","skos:Concept",,,"99999_01","annotatie",,"ct:999",,,,,,,,,,,"cs:plan_legende",,,,,,,,,"annotatie","ONWAAR","ONWAAR"
"ct:99999_02","skos:Concept",,,"99999_02","annotatie",,"ct:999",,,,,,,,,,,"cs:plan_legende",,,,,,,,,"annotatie","ONWAAR","ONWAAR"
"ct:99999_03","skos:Concept",,,"99999_03","annotatie",,"ct:999",,,,,,,,,,,"cs:plan_legende",,,,,,,,,"annotatie","ONWAAR","ONWAAR"
"ct:99999_04","skos:Concept",,,"99999_04","annotatie",,"ct:999",,,,,,,,,,,"cs:plan_legende",,,,,,,,,"annotatie","ONWAAR","ONWAAR"
"ct:99999_05","skos:Concept",,,"99999_05","annotatie",,"ct:999",,,,,,,,,,,"cs:plan_legende",,,,,,,,,"annotatie","ONWAAR","ONWAAR"
"ct:99999_06","skos:Concept",,,"99999_06","annotatie",,"ct:999",,,,,,,,,,,"cs:plan_legende",,,,,,,,,"annotatie","ONWAAR","ONWAAR"
"ct:99999_07","skos:Concept",,,"99999_07","annotatie",,"ct:999",,,,,,,,,,,"cs:plan_legende",,,,,,,,,"annotatie","ONWAAR","ONWAAR"
"ct:99999_08","skos:Concept",,,"99999_08","annotatie",,"ct:999",,,,,,,,,,,"cs:plan_legende",,,,,,,,,"annotatie","ONWAAR","ONWAAR"
"ct:99999_09","skos:Concept",,,"99999_09","annotatie",,"ct:999",,,,,,,,,,,"cs:plan_legende",,,,,,,,,"annotatie","ONWAAR","ONWAAR"
"ct:99999_10","skos:Concept",,,"99999_10","annotatie",,"ct:999",,,,,,,,,,,"cs:plan_legende",,,,,,,,,"annotatie","ONWAAR","ONWAAR"
"ct:99999_11","skos:Concept",,,"99999_11","annotatie",,"ct:999",,,,,,,,,,,"cs:plan_legende",,,,,,,,,"annotatie","ONWAAR","ONWAAR"
"ct:99999_12","skos:Concept",,,"99999_12","annotatie",,"ct:999",,,,,,,,,,,"cs:plan_legende",,,,,,,,,"annotatie","ONWAAR","ONWAAR"
"ct:99999_13","skos:Concept",,,"99999_13","annotatie",,"ct:999",,,,,,,,,,,"cs:plan_legende",,,,,,,,,"annotatie","ONWAAR","ONWAAR"
"ct:99999_14","skos:Concept",,,"99999_14","annotatie",,"ct:999",,,,,,,,,,,"cs:plan_legende",,,,,,,,,"annotatie","ONWAAR","ONWAAR"
"ct:99999_15","skos:Concept",,,"99999_15","annotatie",,"ct:999",,,,,,,,,,,"cs:plan_legende",,,,,,,,,"annotatie","ONWAAR","ONWAAR"
"ct:99999_16","skos:Concept",,,"99999_16","annotatie",,"ct:999",,,,,,,,,,,"cs:plan_legende",,,,,,,,,"annotatie","ONWAAR","ONWAAR"
"ct:99999_17","skos:Concept",,,"99999_17","annotatie",,"ct:999",,,,,,,,,,,"cs:plan_legende",,,,,,,,,"annotatie","ONWAAR","ONWAAR"
"ct:99999_18","skos:Concept",,,"99999_18","annotatie",,"ct:999",,,,,,,,,,,"cs:plan_legende",,,,,,,,,"annotatie","ONWAAR","ONWAAR"
"ct:X5","skos:Concept",,,"X5","gemengd agrarisch gebied",,"ct:061",,,,,,,,,,,"cs:plan_legende",,,,,,,,"d",,"ONWAAR","ONWAAR"
